incident_id,comment_seq,comment_div,comment_by,comment_date,comment
SMPL-001654,0,新規登録,通常User0289,2023/11/28,XXXX
SMPL-001654,1,発信者へ差戻し,通常User0703,2023/11/29,XXXX
SMPL-001654,2,回答承認,通常User0290,2024/1/17,XXXX
SMPL-001654,3,クローズ,通常User0703,2024/1/17,XXXX
SMPL-001661,0,新規登録,通常User0180,2023/9/15,XXXX
SMPL-001661,1,発信者へ差戻し,DWHUser0053,2023/9/20,XXXX
SMPL-001661,2,再質問,通常User0249,2023/9/25,XXXX
SMPL-001661,3,発信者へ差戻し,DWHUser0053,2023/9/25,XXXX
SMPL-001661,4,再質問,通常User0249,2023/10/3,XXXX
SMPL-001661,5,再質問,通常User0249,2023/10/12,XXXX
SMPL-001661,6,発信者へ差戻し,DWHUser0053,2023/10/12,XXXX
SMPL-001661,7,再質問,通常User0249,2023/10/17,XXXX
SMPL-001661,8,再質問,通常User0249,2023/11/6,XXXX
SMPL-001661,9,再質問,通常User0249,2023/11/21,XXXX
SMPL-001661,10,発信者へ差戻し,通常User0404,2023/11/29,XXXX
SMPL-001661,11,再質問,通常User0249,2023/12/5,XXXX
SMPL-001661,12,中間回答,通常User0404,2023/12/6,XXXX
SMPL-001661,13,発信者へ差戻し,DWHUser0053,2023/12/8,XXXX
SMPL-001661,14,再質問,通常User0249,2023/12/12,XXXX
SMPL-001661,15,発信者へ差戻し,DWHUser0053,2023/12/18,XXXX
SMPL-001661,16,再質問,通常User0249,2024/1/26,XXXX
SMPL-001661,17,発信者へ差戻し,DWHUser0053,2024/1/29,XXXX
SMPL-001661,18,再質問,通常User0249,2024/2/5,XXXX
SMPL-001661,19,再質問,通常User0249,2024/2/13,XXXX
SMPL-001661,20,発信者へ差戻し,DWHUser0053,2024/2/14,XXXX
SMPL-001661,21,再質問,通常User0249,2024/2/21,XXXX
SMPL-001661,22,発信者へ差戻し,DWHUser0053,2024/2/22,XXXX
SMPL-001661,23,再質問,通常User0249,2024/2/27,XXXX
SMPL-001661,24,発信者へ差戻し,DWHUser0053,2024/2/28,XXXX
SMPL-001661,25,発信者へ差戻し,DWHUser0055,2024/5/15,XXXX
SMPL-001661,26,再質問,通常User0249,2024/5/16,XXXX
SMPL-001661,27,再質問,通常User0249,2024/5/16,XXXX
SMPL-001661,28,発信者へ差戻し,DWHUser0053,2024/5/16,XXXX
SMPL-001661,29,中間回答,DWHUser0053,2024/5/23,XXXX
SMPL-001661,30,再質問,通常User0249,2024/6/4,XXXX
SMPL-001661,31,中間回答,DWHUser0053,2024/6/18,XXXX
SMPL-001661,32,中間回答,DWHUser0053,2024/7/11,XXXX
SMPL-001661,33,発信者へ差戻し,DWHUser0053,2024/11/25,XXXX
SMPL-001661,34,発信者へ差戻し,DWHUser0799,2025/1/15,※回答カテゴリ：発信者に差戻し　かつ　更新日：1か月以上　のQAへ連絡。　継続の場合、期限内にコメントをお願いいたします。お世話になっております。その後の状況は如何でしょうか。2025年1月28日までにご連絡がない場合、本QAをクローズさせていただきます。以上、よろしくお願い致します。
SMPL-001661,35,クローズ,DWHUser0799,2025/1/29,お世話になっております。期限の2025年1月28日を過ぎましたが、ご連絡がありませんでしたので誠に勝手ながら本件はクローズさせていただきます。問題が解決していない場合には、お手数ですが新規QA登録をお願い致します。
SMPL-001676,0,新規登録,通常User0363,2023/12/20,XXXX
SMPL-001676,1,発信者へ差戻し,DWHUser0061,2023/12/21,XXXX
SMPL-001676,2,発信者へ差戻し,DWHUser0055,2024/3/15,お世話になっております。本件、対応完了とさせていただいてよろしいでしょうか。2024年3月28日までにご連絡がない場合、本QAをクローズさせていただきます。以上、よろしくお願い致します。
SMPL-001676,3,クローズ,DWHUser0055,2024/4/1,お世話になっております。期限の2024年3月28日を過ぎましたが、ご連絡がありませんでしたので、誠に勝手ながら本件はクローズさせていただきます。問題が解決していない場合には、お手数ですが新規QA登録をお願い致します。
SMPL-001682,0,新規登録,通常User0155,2023/12/28,XXXX
SMPL-001682,1,着手報告回答,通常User0557,2023/12/28,XXXX
SMPL-001682,2,発信者へ差戻し,DWHUser0061,2023/12/28,XXXX
SMPL-001682,3,再質問,通常User0115,2024/1/19,XXXX
SMPL-001682,4,発信者へ差戻し,DWHUser0061,2024/1/22,XXXX
SMPL-001682,5,再質問,通常User0115,2024/1/23,XXXX
SMPL-001682,6,発信者へ差戻し,DWHUser0061,2024/1/23,XXXX
SMPL-001682,7,再質問,通常User0115,2024/1/24,XXXX
SMPL-001682,8,発信者へ差戻し,DWHUser0061,2024/1/24,XXXX
SMPL-001682,9,再質問,通常User0115,2024/1/25,XXXX
SMPL-001682,10,発信者へ差戻し,DWHUser0061,2024/1/26,XXXX
SMPL-001682,11,再質問,通常User0115,2024/1/26,XXXX
SMPL-001682,12,発信者へ差戻し,DWHUser0061,2024/1/29,XXXX
SMPL-001682,13,再質問,通常User0115,2024/1/29,XXXX
SMPL-001682,14,発信者へ差戻し,DWHUser0061,2024/1/29,XXXX
SMPL-001682,15,再質問,通常User0115,2024/1/30,XXXX
SMPL-001682,16,発信者へ差戻し,DWHUser0061,2024/1/31,XXXX
SMPL-001682,17,再質問,通常User0115,2024/2/8,XXXX
SMPL-001682,18,発信者へ差戻し,DWHUser0061,2024/2/8,XXXX
SMPL-001682,19,再質問,通常User0115,2024/2/8,XXXX
SMPL-001682,20,発信者へ差戻し,DWHUser0061,2024/2/9,XXXX
SMPL-001682,21,再質問,通常User0115,2024/2/9,XXXX
SMPL-001682,22,発信者へ差戻し,DWHUser0061,2024/2/9,XXXX
SMPL-001682,23,再質問,通常User0115,2024/2/13,XXXX
SMPL-001682,24,発信者へ差戻し,DWHUser0061,2024/2/13,XXXX
SMPL-001682,25,再質問,通常User0115,2024/2/13,XXXX
SMPL-001682,26,発信者へ差戻し,DWHUser0061,2024/2/14,XXXX
SMPL-001682,27,再質問,通常User0115,2024/2/14,XXXX
SMPL-001682,28,発信者へ差戻し,DWHUser0061,2024/2/16,XXXX
SMPL-001682,29,再質問,通常User0115,2024/2/19,XXXX
SMPL-001682,30,発信者へ差戻し,DWHUser0061,2024/2/20,XXXX
SMPL-001682,31,回答承認,通常User0115,2024/2/20,XXXX
SMPL-001695,0,新規登録,通常User0828,2024/1/19,XXXX
SMPL-001695,1,発信者へ差戻し,DWHUser0053,2024/1/19,XXXX
SMPL-001695,2,回答承認,通常User0829,2024/1/19,XXXX
SMPL-001706,0,新規登録,通常User0347,2024/1/23,XXXX
SMPL-001706,1,着手報告回答,通常User0557,2024/1/23,XXXX
SMPL-001706,2,発信者へ差戻し,通常User0703,2024/1/30,XXXX
SMPL-001706,3,再質問,通常User0299,2024/1/31,XXXX
SMPL-001706,4,完了回答,通常User0703,2024/1/31,XXXX
SMPL-001706,5,回答承認,通常User0299,2024/1/31,XXXX
SMPL-001706,6,クローズ,通常User0703,2024/1/31,XXXX
SMPL-001712,0,新規登録,通常User0119,2024/1/30,XXXX
SMPL-001712,1,着手報告回答,通常User0557,2024/1/30,XXXX
SMPL-001712,2,発信者へ差戻し,DWHUser0061,2024/1/31,XXXX
SMPL-001712,3,再質問,通常User0120,2024/1/31,XXXX
SMPL-001712,4,発信者へ差戻し,DWHUser0061,2024/1/31,XXXX
SMPL-001712,5,再質問,通常User0120,2024/1/31,XXXX
SMPL-001712,6,発信者へ差戻し,DWHUser0061,2024/1/31,XXXX
SMPL-001712,7,回答承認,通常User0120,2024/2/7,XXXX
SMPL-001713,0,新規登録,通常User0478,2024/1/29,XXXX
SMPL-001713,1,着手報告回答,通常User0557,2024/1/29,XXXX
SMPL-001713,2,発信者へ差戻し,通常User0593,2024/1/29,XXXX
SMPL-001713,3,再質問,通常User0469,2024/1/30,XXXX
SMPL-001713,4,中間回答,通常User0593,2024/1/30,XXXX
SMPL-001713,5,発信者へ差戻し,DWHUser0053,2024/1/30,XXXX
SMPL-001713,6,回答承認,通常User0469,2024/1/31,XXXX
SMPL-001719,0,新規登録,通常User0609,2024/2/1,XXXX
SMPL-001719,1,着手報告回答,通常User0557,2024/2/1,XXXX
SMPL-001719,2,発信者へ差戻し,DWHUser0061,2024/2/2,XXXX
SMPL-001719,3,発信者へ差戻し,DWHUser0061,2024/2/2,XXXX
SMPL-001719,4,再質問,通常User0751,2024/2/2,XXXX
SMPL-001719,5,発信者へ差戻し,DWHUser0061,2024/2/5,XXXX
SMPL-001719,6,再質問,通常User0627,2024/2/22,XXXX
SMPL-001719,7,発信者へ差戻し,DWHUser0061,2024/2/27,XXXX
SMPL-001719,8,再質問,通常User0751,2024/4/2,XXXX
SMPL-001719,9,発信者へ差戻し,DWHUser0061,2024/4/2,XXXX
SMPL-001719,10,再質問,通常User0627,2024/5/15,XXXX
SMPL-001719,11,発信者へ差戻し,DWHUser0061,2024/5/16,XXXX
SMPL-001719,12,再質問,通常User0627,2024/5/16,XXXX
SMPL-001719,13,発信者へ差戻し,DWHUser0061,2024/5/17,XXXX
SMPL-001719,14,発信者へ差戻し,DWHUser0799,2024/7/23,※回答カテゴリ：発信者に差戻し　かつ　更新日：1か月以上　のQAへ連絡。　継続の場合、期限内にコメントをお願いいたします。お世話になっております。その後の状況は如何でしょうか。2024年7月29日までにご連絡がない場合、本QAをクローズさせていただきます。以上、よろしくお願い致します。
SMPL-001719,15,クローズ,DWHUser0799,2024/7/30,お世話になっております。期限の2024年7月29日を過ぎましたが、ご連絡がありませんでしたので誠に勝手ながら本件はクローズさせていただきます。問題が解決していない場合には、お手数ですが新規QA登録をお願い致します。
SMPL-001723,0,新規登録,通常User0354,2024/2/5,XXXX
SMPL-001723,1,着手報告回答,通常User0557,2024/2/6,XXXX
SMPL-001723,2,発信者へ差戻し,DWHUser0061,2024/2/6,XXXX
SMPL-001723,3,再質問,通常User0355,2024/2/15,XXXX
SMPL-001723,4,発信者へ差戻し,DWHUser0061,2024/2/15,XXXX
SMPL-001723,5,再質問,通常User0355,2024/2/15,XXXX
SMPL-001723,6,再質問,通常User0355,2024/2/17,XXXX
SMPL-001723,7,発信者へ差戻し,DWHUser0061,2024/2/19,XXXX
SMPL-001723,8,再質問,通常User0355,2024/2/26,XXXX
SMPL-001723,9,発信者へ差戻し,DWHUser0061,2024/2/27,XXXX
SMPL-001723,10,再質問,通常User0355,2024/2/28,XXXX
SMPL-001723,11,発信者へ差戻し,DWHUser0061,2024/2/29,XXXX
SMPL-001723,12,再質問,通常User0355,2024/3/5,XXXX
SMPL-001723,13,発信者へ差戻し,DWHUser0061,2024/3/6,XXXX
SMPL-001723,14,回答承認,通常User0355,2024/4/9,XXXX
SMPL-001725,0,新規登録,通常User0650,2024/2/5,XXXX
SMPL-001725,1,着手報告回答,通常User0557,2024/2/5,XXXX
SMPL-001725,2,完了回答,通常User0241,2024/2/5,XXXX
SMPL-001725,3,再質問,通常User0651,2024/2/6,XXXX
SMPL-001728,0,新規登録,通常User0884,2024/2/9,XXXX
SMPL-001728,1,発信者へ差戻し,DWHUser0061,2024/2/13,XXXX
SMPL-001728,2,再質問,通常User0885,2024/2/14,XXXX
SMPL-001728,3,発信者へ差戻し,DWHUser0061,2024/2/14,XXXX
SMPL-001728,4,再質問,通常User0885,2024/2/14,XXXX
SMPL-001728,5,発信者へ差戻し,DWHUser0061,2024/2/15,XXXX
SMPL-001728,6,再質問,通常User0885,2024/2/15,XXXX
SMPL-001728,7,発信者へ差戻し,DWHUser0061,2024/2/19,XXXX
SMPL-001728,8,回答承認,通常User0885,2024/2/26,XXXX
SMPL-001730,0,新規登録,通常User0896,2024/2/14,XXXX
SMPL-001730,1,発信者へ差戻し,DWHUser0053,2024/2/15,XXXX
SMPL-001730,2,回答承認,通常User0897,2024/2/19,XXXX
SMPL-001733,0,新規登録,通常User0363,2024/2/19,XXXX
SMPL-001733,1,再質問,通常User0798,2024/2/28,XXXX
SMPL-001733,2,発信者へ差戻し,DWHUser0061,2024/2/28,XXXX
SMPL-001733,3,再質問,通常User0798,2024/2/28,XXXX
SMPL-001733,4,発信者へ差戻し,DWHUser0061,2024/2/29,XXXX
SMPL-001733,5,再質問,通常User0798,2024/2/29,XXXX
SMPL-001733,6,発信者へ差戻し,DWHUser0061,2024/2/29,XXXX
SMPL-001733,7,再質問,通常User0798,2024/2/29,XXXX
SMPL-001733,8,発信者へ差戻し,DWHUser0061,2024/3/1,XXXX
SMPL-001733,9,再質問,通常User0798,2024/3/7,XXXX
SMPL-001733,10,発信者へ差戻し,DWHUser0061,2024/3/7,XXXX
SMPL-001733,11,再質問,通常User0798,2024/3/7,XXXX
SMPL-001733,12,発信者へ差戻し,DWHUser0061,2024/3/7,XXXX
SMPL-001733,13,再質問,通常User0798,2024/3/7,XXXX
SMPL-001733,14,発信者へ差戻し,DWHUser0061,2024/3/14,XXXX
SMPL-001733,15,再質問,通常User0798,2024/3/14,XXXX
SMPL-001733,16,発信者へ差戻し,DWHUser0061,2024/3/14,XXXX
SMPL-001733,17,再質問,通常User0798,2024/3/15,XXXX
SMPL-001733,18,発信者へ差戻し,DWHUser0061,2024/3/18,XXXX
SMPL-001733,19,再質問,通常User0798,2024/3/19,XXXX
SMPL-001733,20,再質問,通常User0798,2024/3/19,XXXX
SMPL-001733,21,発信者へ差戻し,DWHUser0061,2024/3/19,XXXX
SMPL-001733,22,再質問,通常User0798,2024/3/25,XXXX
SMPL-001733,23,発信者へ差戻し,DWHUser0061,2024/3/25,XXXX
SMPL-001733,24,再質問,通常User0798,2024/3/25,XXXX
SMPL-001733,25,発信者へ差戻し,DWHUser0061,2024/3/25,XXXX
SMPL-001733,26,再質問,通常User0798,2024/3/25,XXXX
SMPL-001733,27,発信者へ差戻し,DWHUser0061,2024/3/25,XXXX
SMPL-001733,28,発信者へ差戻し,DWHUser0055,2024/5/15,XXXX
SMPL-001733,29,回答承認,通常User0364,2024/5/15,XXXX
SMPL-001737,0,新規登録,通常User0766,2024/2/21,XXXX
SMPL-001737,1,着手報告回答,通常User0557,2024/2/21,XXXX
SMPL-001737,2,発信者へ差戻し,DWHUser0047,2024/2/21,XXXX
SMPL-001737,3,発信者へ差戻し,DWHUser0055,2024/4/15,XXXX
SMPL-001737,4,回答承認,通常User0767,2024/4/18,XXXX
SMPL-001740,0,新規登録,通常User0901,2024/2/26,XXXX
SMPL-001740,1,発信者へ差戻し,DWHUser0053,2024/2/26,XXXX
SMPL-001740,2,再質問,通常User0902,2024/2/26,XXXX
SMPL-001740,3,発信者へ差戻し,DWHUser0053,2024/2/26,XXXX
SMPL-001740,4,再質問,通常User0902,2024/2/26,XXXX
SMPL-001740,5,発信者へ差戻し,DWHUser0053,2024/2/26,XXXX
SMPL-001740,6,再質問,通常User0902,2024/2/28,XXXX
SMPL-001740,7,クローズ,DWHUser0053,2024/2/28,XXXX
SMPL-001742,0,新規登録,通常User0119,2024/2/26,XXXX
SMPL-001742,1,着手報告回答,通常User0557,2024/2/26,XXXX
SMPL-001742,2,発信者へ差戻し,DWHUser0061,2024/2/26,XXXX
SMPL-001742,3,再質問,通常User0120,2024/2/26,XXXX
SMPL-001742,4,再質問,通常User0120,2024/2/27,XXXX
SMPL-001742,5,発信者へ差戻し,DWHUser0061,2024/2/27,XXXX
SMPL-001742,6,再質問,通常User0120,2024/2/27,XXXX
SMPL-001742,7,再質問,通常User0120,2024/2/27,XXXX
SMPL-001742,8,再質問,通常User0120,2024/2/27,XXXX
SMPL-001742,9,発信者へ差戻し,DWHUser0061,2024/2/27,XXXX
SMPL-001742,10,発信者へ差戻し,DWHUser0061,2024/2/27,XXXX
SMPL-001742,11,再質問,通常User0120,2024/2/27,XXXX
SMPL-001742,12,中間回答,DWHUser0061,2024/2/27,XXXX
SMPL-001742,13,再質問,通常User0120,2024/2/27,XXXX
SMPL-001742,14,発信者へ差戻し,DWHUser0061,2024/2/28,XXXX
SMPL-001742,15,再質問,通常User0120,2024/2/28,XXXX
SMPL-001742,16,発信者へ差戻し,DWHUser0061,2024/2/29,XXXX
SMPL-001742,17,再質問,通常User0120,2024/3/1,XXXX
SMPL-001742,18,発信者へ差戻し,DWHUser0061,2024/3/1,XXXX
SMPL-001742,19,再質問,通常User0120,2024/3/1,XXXX
SMPL-001742,20,再質問,通常User0120,2024/3/1,XXXX
SMPL-001742,21,再質問,通常User0120,2024/3/1,XXXX
SMPL-001742,22,発信者へ差戻し,DWHUser0061,2024/3/4,XXXX
SMPL-001742,23,再質問,通常User0120,2024/3/4,XXXX
SMPL-001742,24,再質問,通常User0120,2024/3/5,XXXX
SMPL-001742,25,再質問,通常User0120,2024/3/5,XXXX
SMPL-001742,26,再質問,通常User0120,2024/3/5,XXXX
SMPL-001742,27,発信者へ差戻し,DWHUser0055,2024/3/5,XXXX
SMPL-001742,28,再質問,通常User0903,2024/3/6,XXXX
SMPL-001742,29,発信者へ差戻し,DWHUser0055,2024/3/6,XXXX
SMPL-001742,30,再質問,通常User0903,2024/3/6,XXXX
SMPL-001742,31,発信者へ差戻し,DWHUser0055,2024/3/6,XXXX
SMPL-001742,32,再質問,通常User0120,2024/3/7,XXXX
SMPL-001742,33,発信者へ差戻し,DWHUser0055,2024/3/7,XXXX
SMPL-001742,34,再質問,通常User0120,2024/3/8,XXXX
SMPL-001742,35,再質問,通常User0120,2024/3/8,XXXX
SMPL-001742,36,再質問,通常User0120,2024/3/8,XXXX
SMPL-001742,37,発信者へ差戻し,DWHUser0061,2024/3/8,XXXX
SMPL-001742,38,再質問,通常User0120,2024/3/8,XXXX
SMPL-001742,39,発信者へ差戻し,DWHUser0061,2024/3/8,XXXX
SMPL-001742,40,再質問,通常User0120,2024/3/11,XXXX
SMPL-001742,41,発信者へ差戻し,DWHUser0061,2024/3/11,XXXX
SMPL-001742,42,再質問,通常User0120,2024/3/11,XXXX
SMPL-001742,43,発信者へ差戻し,DWHUser0061,2024/3/18,XXXX
SMPL-001742,44,回答承認,通常User0120,2024/3/29,XXXX
SMPL-001749,0,新規登録,通常User0661,2024/3/1,XXXX
SMPL-001749,1,発信者へ差戻し,DWHUser0061,2024/3/4,XXXX
SMPL-001749,2,再質問,通常User0905,2024/3/4,XXXX
SMPL-001750,0,新規登録,通常User0896,2024/3/2,XXXX
SMPL-001750,1,発信者へ差戻し,DWHUser0061,2024/3/4,XXXX
SMPL-001750,2,再質問,通常User0897,2024/3/8,XXXX
SMPL-001750,3,発信者へ差戻し,DWHUser0061,2024/3/11,XXXX
SMPL-001750,4,回答承認,通常User0897,2024/3/16,XXXX
SMPL-001752,0,新規登録,通常User0908,2024/3/4,XXXX
SMPL-001752,1,発信者へ差戻し,DWHUser0053,2024/3/4,XXXX
SMPL-001752,2,回答承認,通常User0909,2024/3/12,XXXX
SMPL-001760,0,新規登録,通常User0913,2024/3/8,XXXX
SMPL-001760,1,発信者へ差戻し,DWHUser0061,2024/3/8,XXXX
SMPL-001760,2,再質問,通常User0914,2024/3/8,XXXX
SMPL-001760,3,発信者へ差戻し,DWHUser0061,2024/3/11,XXXX
SMPL-001760,4,発信者へ差戻し,DWHUser0055,2024/4/15,お世話になっております。その後の状況は如何でしょうか。本件、対応完了とさせていただいてよろしいでしょうか。2024年4月26日までにご連絡がない場合、本QAをクローズさせていただきます。以上、よろしくお願い致します。
SMPL-001760,5,クローズ,DWHUser0055,2024/5/7,お世話になっております。期限の2024年4月26日を過ぎましたが、ご連絡がありませんでしたので、誠に勝手ながら本件はクローズさせていただきます。問題が解決していない場合には、お手数ですが新規QA登録をお願い致します。
SMPL-001763,0,新規登録,通常User0898,2024/3/12,XXXX
SMPL-001763,1,発信者へ差戻し,DWHUser0061,2024/3/12,XXXX
SMPL-001763,2,再質問,通常User0899,2024/3/13,XXXX
SMPL-001763,3,発信者へ差戻し,DWHUser0061,2024/3/15,XXXX
SMPL-001763,4,発信者へ差戻し,DWHUser0055,2024/4/15,XXXX
SMPL-001763,5,回答承認,通常User0899,2024/4/19,XXXX
SMPL-001771,0,新規登録,通常User0783,2024/3/18,XXXX
SMPL-001771,1,着手報告回答,通常User0557,2024/3/19,XXXX
SMPL-001771,2,発信者へ差戻し,DWHUser0061,2024/3/19,XXXX
SMPL-001771,3,発信者へ差戻し,DWHUser0055,2024/4/15,XXXX
SMPL-001771,4,回答承認,通常User0917,2024/4/15,XXXX
SMPL-001772,0,新規登録,通常User0918,2024/3/18,XXXX
SMPL-001772,1,着手報告回答,通常User0557,2024/3/18,XXXX
SMPL-001772,2,再質問,通常User0919,2024/3/18,XXXX
SMPL-001772,3,再質問,通常User0919,2024/3/18,XXXX
SMPL-001772,4,中間回答,通常User0241,2024/3/18,XXXX
SMPL-001774,0,新規登録,通常User0908,2024/3/21,XXXX
SMPL-001775,0,新規登録,通常User0920,2024/3/19,XXXX
SMPL-001775,1,着手報告回答,通常User0557,2024/3/19,XXXX
SMPL-001775,2,発信者へ差戻し,DWHUser0053,2024/3/21,XXXX
SMPL-001775,3,再質問,通常User0921,2024/3/26,XXXX
SMPL-001775,4,発信者へ差戻し,DWHUser0053,2024/3/26,XXXX
SMPL-001775,5,再質問,通常User0921,2024/3/26,XXXX
SMPL-001775,6,クローズ,DWHUser0053,2024/3/26,XXXX
SMPL-001783,0,新規登録,通常User0296,2024/3/30,XXXX
SMPL-001783,1,着手報告回答,通常User0557,2024/4/1,XXXX
SMPL-001783,2,発信者へ差戻し,DWHUser0061,2024/4/1,XXXX
SMPL-001783,3,再質問,通常User0924,2024/4/10,XXXX
SMPL-001783,4,発信者へ差戻し,DWHUser0061,2024/4/12,XXXX
SMPL-001783,5,再質問,通常User0924,2024/4/12,XXXX
SMPL-001783,6,発信者へ差戻し,DWHUser0061,2024/4/12,XXXX
SMPL-001783,7,発信者へ差戻し,DWHUser0799,2024/7/23,※回答カテゴリ：発信者に差戻し　かつ　更新日：1か月以上　のQAへ連絡。　継続の場合、期限内にコメントをお願いいたします。お世話になっております。その後の状況は如何でしょうか。2024年7月29日までにご連絡がない場合、本QAをクローズさせていただきます。以上、よろしくお願い致します。
SMPL-001783,8,クローズ,DWHUser0799,2024/7/30,お世話になっております。期限の2024年7月29日を過ぎましたが、ご連絡がありませんでしたので誠に勝手ながら本件はクローズさせていただきます。問題が解決していない場合には、お手数ですが新規QA登録をお願い致します。
SMPL-001790,0,新規登録,通常User0926,2024/4/4,XXXX
SMPL-001790,1,発信者へ差戻し,DWHUser0053,2024/4/4,XXXX
SMPL-001790,2,再質問,通常User0927,2024/4/5,XXXX
SMPL-001790,3,中間回答,DWHUser0053,2024/4/5,XXXX
SMPL-001790,4,再質問,通常User0927,2024/4/5,XXXX
SMPL-001790,5,発信者へ差戻し,DWHUser0053,2024/4/8,XXXX
SMPL-001790,6,回答承認,通常User0927,2024/4/8,XXXX
SMPL-001792,0,新規登録,通常User0478,2024/4/5,XXXX
SMPL-001792,1,再質問,通常User0469,2024/4/5,XXXX
SMPL-001792,2,発信者へ差戻し,DWHUser0061,2024/4/5,XXXX
SMPL-001792,3,再質問,通常User0469,2024/4/5,XXXX
SMPL-001797,0,新規登録,通常User0478,2024/4/5,XXXX
SMPL-001797,1,再質問,通常User0469,2024/4/5,XXXX
SMPL-001797,2,発信者へ差戻し,DWHUser0061,2024/4/5,XXXX
SMPL-001797,3,再質問,通常User0469,2024/4/5,XXXX
SMPL-001797,4,再質問,通常User0674,2024/4/9,XXXX
SMPL-001797,5,発信者へ差戻し,DWHUser0061,2024/4/9,XXXX
SMPL-001797,6,再質問,通常User0469,2024/4/9,XXXX
SMPL-001797,7,発信者へ差戻し,通常User0641,2024/4/11,XXXX
SMPL-001797,8,回答承認,通常User0469,2024/4/18,XXXX
SMPL-001804,0,新規登録,通常User0935,2024/4/1,XXXX
SMPL-001804,1,着手報告回答,通常User0936,2024/4/1,XXXX
SMPL-001804,2,中間回答,通常User0937,2024/4/3,XXXX
SMPL-001804,3,再質問,通常User0938,2024/4/3,XXXX
SMPL-001804,4,発信者へ差戻し,通常User0937,2024/4/5,XXXX
SMPL-001804,5,再質問,通常User0938,2024/4/10,XXXX
SMPL-001804,6,中間回答,通常User0937,2024/4/10,XXXX
SMPL-001804,7,発信者へ差戻し,通常User0937,2024/4/11,XXXX
SMPL-001804,8,再質問,通常User0938,2024/4/11,XXXX
SMPL-001804,9,発信者へ差戻し,通常User0663,2024/4/19,XXXX
SMPL-001804,10,再質問,通常User0938,2024/4/19,XXXX
SMPL-001804,11,中間回答,通常User0663,2024/4/19,XXXX
SMPL-001804,12,発信者へ差戻し,通常User0663,2024/4/23,XXXX
SMPL-001804,13,発信者へ差戻し,通常User0937,2024/4/25,XXXX
SMPL-001804,14,再質問,通常User0938,2024/4/25,XXXX
SMPL-001804,15,発信者へ差戻し,通常User0937,2024/4/26,XXXX
SMPL-001804,16,回答承認,通常User0938,2024/6/20,XXXX
SMPL-001804,17,クローズ,通常User0937,2024/6/20,XXXX
SMPL-001808,0,新規登録,通常User0939,2024/4/15,XXXX
SMPL-001808,1,発信者へ差戻し,DWHUser0053,2024/4/15,XXXX
SMPL-001808,2,再質問,通常User0176,2024/4/16,XXXX
SMPL-001808,3,発信者へ差戻し,DWHUser0053,2024/4/17,XXXX
SMPL-001808,4,再質問,通常User0176,2024/4/17,XXXX
SMPL-001808,5,発信者へ差戻し,DWHUser0053,2024/4/17,XXXX
SMPL-001808,6,回答承認,通常User0176,2024/4/17,XXXX
SMPL-001818,0,新規登録,通常User0800,2024/4/23,XXXX
SMPL-001818,1,発信者へ差戻し,DWHUser0061,2024/4/23,XXXX
SMPL-001818,2,再質問,通常User0801,2024/4/24,XXXX
SMPL-001818,3,発信者へ差戻し,DWHUser0061,2024/4/24,XXXX
SMPL-001818,4,回答承認,通常User0801,2024/5/21,XXXX
SMPL-001822,0,新規登録,通常User0786,2024/5/7,XXXX
SMPL-001822,1,発信者へ差戻し,DWHUser0061,2024/5/8,XXXX
SMPL-001822,2,再質問,通常User0787,2024/5/8,XXXX
SMPL-001822,3,発信者へ差戻し,DWHUser0061,2024/5/8,XXXX
SMPL-001822,4,再質問,通常User0787,2024/5/9,XXXX
SMPL-001822,5,発信者へ差戻し,DWHUser0061,2024/5/10,XXXX
SMPL-001822,6,再質問,通常User0787,2024/6/10,XXXX
SMPL-001822,7,発信者へ差戻し,DWHUser0061,2024/6/11,XXXX
SMPL-001822,8,再質問,通常User0370,2024/6/17,XXXX
SMPL-001822,9,発信者へ差戻し,DWHUser0061,2024/6/18,XXXX
SMPL-001822,10,再質問,通常User0370,2024/6/19,XXXX
SMPL-001822,11,発信者へ差戻し,DWHUser0061,2024/6/19,XXXX
SMPL-001822,12,回答承認,通常User0787,2024/6/20,XXXX
SMPL-001833,0,新規登録,通常User0944,2024/5/17,XXXX
SMPL-001833,1,着手報告回答,通常User0557,2024/5/17,XXXX
SMPL-001833,2,資料採取依頼,通常User0689,2024/5/17,XXXX
SMPL-001833,3,再質問,通常User0945,2024/5/17,XXXX
SMPL-001833,4,発信者へ差戻し,DWHUser0053,2024/5/20,XXXX
SMPL-001833,5,回答承認,通常User0945,2024/5/20,XXXX
SMPL-001836,0,新規登録,通常User0900,2024/5/24,XXXX
SMPL-001836,1,発信者へ差戻し,DWHUser0061,2024/5/24,XXXX
SMPL-001836,2,回答承認,通常User0946,2024/5/30,XXXX
SMPL-001837,0,新規登録,通常User0375,2024/5/24,XXXX
SMPL-001837,1,着手報告回答,通常User0557,2024/5/24,XXXX
SMPL-001837,2,発信者へ差戻し,DWHUser0047,2024/5/27,XXXX
SMPL-001837,3,再質問,通常User0376,2024/5/28,XXXX
SMPL-001837,4,発信者へ差戻し,DWHUser0047,2024/5/28,XXXX
SMPL-001837,5,再質問,通常User0376,2024/5/30,XXXX
SMPL-001837,6,発信者へ差戻し,DWHUser0047,2024/5/31,XXXX
SMPL-001837,7,回答承認,通常User0376,2024/6/5,XXXX
SMPL-001846,0,新規登録,通常User0224,2024/6/3,XXXX
SMPL-001846,1,発信者へ差戻し,DWHUser0047,2024/6/3,XXXX
SMPL-001846,2,再質問,通常User0225,2024/6/3,XXXX
SMPL-001846,3,発信者へ差戻し,DWHUser0047,2024/6/3,XXXX
SMPL-001846,4,再質問,通常User0225,2024/6/3,XXXX
SMPL-001846,5,発信者へ差戻し,DWHUser0047,2024/6/3,XXXX
SMPL-001846,6,再質問,通常User0225,2024/6/4,XXXX
SMPL-001846,7,発信者へ差戻し,DWHUser0047,2024/6/4,XXXX
SMPL-001846,8,再質問,通常User0225,2024/6/4,XXXX
SMPL-001846,9,発信者へ差戻し,DWHUser0047,2024/6/4,XXXX
SMPL-001846,10,再質問,通常User0225,2024/6/6,XXXX
SMPL-001846,11,発信者へ差戻し,DWHUser0047,2024/6/6,XXXX
SMPL-001846,12,再質問,通常User0225,2024/6/6,XXXX
SMPL-001846,13,発信者へ差戻し,DWHUser0047,2024/6/6,XXXX
SMPL-001846,14,再質問,通常User0225,2024/6/10,XXXX
SMPL-001846,15,発信者へ差戻し,DWHUser0047,2024/6/10,XXXX
SMPL-001846,16,再質問,通常User0225,2024/6/10,XXXX
SMPL-001846,17,発信者へ差戻し,DWHUser0047,2024/6/10,XXXX
SMPL-001846,18,再質問,通常User0225,2024/6/10,XXXX
SMPL-001846,19,発信者へ差戻し,DWHUser0047,2024/6/10,XXXX
SMPL-001846,20,再質問,通常User0225,2024/6/10,XXXX
SMPL-001846,21,発信者へ差戻し,DWHUser0047,2024/6/10,XXXX
SMPL-001846,22,発信者へ差戻し,DWHUser0799,2024/7/23,※回答カテゴリ：発信者に差戻し　かつ　更新日：1か月以上　のQAへ連絡。　継続の場合、期限内にコメントをお願いいたします。お世話になっております。その後の状況は如何でしょうか。2024年7月29日までにご連絡がない場合、本QAをクローズさせていただきます。以上、よろしくお願い致します。
SMPL-001846,23,クローズ,DWHUser0799,2024/7/30,お世話になっております。期限の2024年7月29日を過ぎましたが、ご連絡がありませんでしたので誠に勝手ながら本件はクローズさせていただきます。問題が解決していない場合には、お手数ですが新規QA登録をお願い致します。
SMPL-001850,0,新規登録,通常User0354,2024/6/5,XXXX
SMPL-001850,1,発信者へ差戻し,DWHUser0061,2024/6/5,XXXX
SMPL-001850,2,発信者へ差戻し,DWHUser0799,2024/7/23,※回答カテゴリ：発信者に差戻し　かつ　更新日：1か月以上　のQAへ連絡。　継続の場合、期限内にコメントをお願いいたします。お世話になっております。その後の状況は如何でしょうか。2024年7月29日までにご連絡がない場合、本QAをクローズさせていただきます。以上、よろしくお願い致します。
SMPL-001850,3,クローズ,DWHUser0799,2024/7/30,お世話になっております。期限の2024年7月29日を過ぎましたが、ご連絡がありませんでしたので誠に勝手ながら本件はクローズさせていただきます。問題が解決していない場合には、お手数ですが新規QA登録をお願い致します。
SMPL-001856,0,新規登録,通常User0955,2024/6/4,XXXX
SMPL-001856,1,完了回答,通常User0593,2024/6/4,XXXX
SMPL-001856,2,再質問,通常User0956,2024/6/6,XXXX
SMPL-001856,3,中間回答,通常User0593,2024/6/6,XXXX
SMPL-001859,0,新規登録,通常User0518,2024/6/10,XXXX
SMPL-001859,1,発信者へ差戻し,DWHUser0047,2024/6/10,XXXX
SMPL-001859,2,発信者へ差戻し,DWHUser0799,2024/7/23,※回答カテゴリ：発信者に差戻し　かつ　更新日：1か月以上　のQAへ連絡。　継続の場合、期限内にコメントをお願いいたします。お世話になっております。その後の状況は如何でしょうか。2024年7月29日までにご連絡がない場合、本QAをクローズさせていただきます。以上、よろしくお願い致します。
SMPL-001859,3,クローズ,DWHUser0799,2024/7/30,お世話になっております。期限の2024年7月29日を過ぎましたが、ご連絡がありませんでしたので誠に勝手ながら本件はクローズさせていただきます。問題が解決していない場合には、お手数ですが新規QA登録をお願い致します。
SMPL-001862,0,新規登録,通常User0713,2024/6/11,XXXX
SMPL-001862,1,着手報告回答,通常User0557,2024/6/11,XXXX
SMPL-001862,2,発信者へ差戻し,DWHUser0061,2024/6/12,XXXX
SMPL-001862,3,再質問,通常User0627,2024/6/12,XXXX
SMPL-001862,4,発信者へ差戻し,DWHUser0061,2024/6/12,XXXX
SMPL-001862,5,再質問,通常User0627,2024/6/12,XXXX
SMPL-001862,6,発信者へ差戻し,DWHUser0061,2024/6/12,XXXX
SMPL-001862,7,発信者へ差戻し,DWHUser0799,2024/7/23,※回答カテゴリ：発信者に差戻し　かつ　更新日：1か月以上　のQAへ連絡。　継続の場合、期限内にコメントをお願いいたします。お世話になっております。その後の状況は如何でしょうか。2024年7月29日までにご連絡がない場合、本QAをクローズさせていただきます。以上、よろしくお願い致します。
SMPL-001862,8,クローズ,DWHUser0799,2024/7/30,お世話になっております。期限の2024年7月29日を過ぎましたが、ご連絡がありませんでしたので誠に勝手ながら本件はクローズさせていただきます。問題が解決していない場合には、お手数ですが新規QA登録をお願い致します。
SMPL-001863,0,新規登録,通常User0955,2024/6/4,XXXX
SMPL-001863,1,完了回答,通常User0593,2024/6/4,XXXX
SMPL-001863,2,再質問,通常User0956,2024/6/6,XXXX
SMPL-001863,3,中間回答,通常User0593,2024/6/6,XXXX
SMPL-001863,4,発信者へ差戻し,DWHUser0053,2024/6/11,XXXX
SMPL-001863,5,再質問,通常User0956,2024/6/14,XXXX
SMPL-001863,6,クローズ,DWHUser0053,2024/6/14,XXXX
SMPL-001865,0,新規登録,通常User0198,2024/6/14,XXXX
SMPL-001865,1,着手報告回答,通常User0557,2024/6/14,XXXX
SMPL-001874,0,新規登録,通常User0804,2024/6/18,XXXX
SMPL-001874,1,発信者へ差戻し,DWHUser0061,2024/6/19,XXXX
SMPL-001874,2,再質問,通常User0805,2024/6/19,XXXX
SMPL-001874,3,発信者へ差戻し,DWHUser0061,2024/6/21,XXXX
SMPL-001874,4,再質問,通常User0805,2024/6/24,XXXX
SMPL-001874,5,発信者へ差戻し,DWHUser0061,2024/7/3,XXXX
SMPL-001874,6,発信者へ差戻し,DWHUser0061,2024/9/5,XXXX
SMPL-001874,7,発信者へ差戻し,DWHUser0799,2024/10/23,※回答カテゴリ：発信者に差戻し　かつ　更新日：1か月以上　のQAへ連絡。　継続の場合、期限内にコメントをお願いいたします。お世話になっております。その後の状況は如何でしょうか。2024年10月30日までにご連絡がない場合、本QAをクローズさせていただきます。以上、よろしくお願い致します。
SMPL-001874,8,クローズ,DWHUser0799,2024/10/31,お世話になっております。期限の2024年10月30日を過ぎましたが、ご連絡がありませんでしたので誠に勝手ながら本件はクローズさせていただきます。問題が解決していない場合には、お手数ですが新規QA登録をお願い致します。
SMPL-001875,0,新規登録,通常User0377,2024/6/19,XXXX
SMPL-001883,0,新規登録,通常User0786,2024/6/26,XXXX
SMPL-001883,1,着手報告回答,通常User0557,2024/6/26,XXXX
SMPL-001883,2,発信者へ差戻し,DWHUser0061,2024/6/27,XXXX
SMPL-001883,3,再質問,通常User0787,2024/6/27,XXXX
SMPL-001883,4,発信者へ差戻し,DWHUser0061,2024/6/28,XXXX
SMPL-001883,5,回答承認,通常User0787,2024/7/5,XXXX
SMPL-001892,0,新規登録,通常User0609,2024/7/5,XXXX
SMPL-001892,1,着手報告回答,通常User0557,2024/7/8,XXXX
SMPL-001892,2,発信者へ差戻し,DWHUser0053,2024/7/8,XXXX
SMPL-001892,3,発信者へ差戻し,DWHUser0799,2024/8/15,XXXX
SMPL-001892,4,再質問,通常User0610,2024/8/15,XXXX
SMPL-001892,5,発信者へ差戻し,DWHUser0053,2024/8/21,XXXX
SMPL-001892,6,再質問,通常User0610,2024/8/26,XXXX
SMPL-001892,7,発信者へ差戻し,DWHUser0053,2024/8/26,XXXX
SMPL-001892,8,回答承認,通常User0610,2024/8/27,XXXX
SMPL-001898,0,新規登録,通常User0625,2024/7/16,XXXX
SMPL-001898,1,発信者へ差戻し,DWHUser0061,2024/7/16,XXXX
SMPL-001898,2,発信者へ差戻し,DWHUser0799,2024/8/15,XXXX
SMPL-001898,3,回答承認,通常User0626,2024/8/19,XXXX
SMPL-001904,0,新規登録,通常User0576,2024/7/19,XXXX
SMPL-001904,1,中間回答,DWHUser0061,2024/7/22,XXXX
SMPL-001904,2,再質問,通常User0577,2024/7/22,XXXX
SMPL-001904,3,発信者へ差戻し,DWHUser0061,2024/7/25,XXXX
SMPL-001904,4,発信者へ差戻し,DWHUser0061,2024/8/1,XXXX
SMPL-001904,5,回答承認,通常User0577,2024/8/1,XXXX
SMPL-001904,6,発信者へ差戻し,DWHUser0061,2024/8/7,XXXX
SMPL-001904,7,中間回答,DWHUser0061,2024/8/8,XXXX
SMPL-001904,8,再質問,通常User0577,2024/8/8,XXXX
SMPL-001904,9,発信者へ差戻し,DWHUser0061,2024/8/26,XXXX
SMPL-001904,10,発信者へ差戻し,DWHUser0799,2024/10/23,XXXX
SMPL-001904,11,回答承認,通常User0577,2024/10/24,XXXX
SMPL-001918,0,新規登録,通常User0138,2024/7/30,XXXX
SMPL-001918,1,再質問,通常User0139,2024/7/30,XXXX
SMPL-001918,2,発信者へ差戻し,DWHUser0061,2024/7/30,XXXX
SMPL-001918,3,回答承認,通常User0139,2024/8/23,XXXX
SMPL-001921,0,新規登録,通常User0977,2024/8/1,XXXX
SMPL-001921,1,発信者へ差戻し,DWHUser0061,2024/8/2,XXXX
SMPL-001921,2,発信者へ差戻し,DWHUser0061,2024/8/2,XXXX
SMPL-001921,3,再質問,通常User0978,2024/8/8,XXXX
SMPL-001921,4,発信者へ差戻し,DWHUser0061,2024/8/19,XXXX
SMPL-001921,5,再質問,通常User0978,2024/8/28,XXXX
SMPL-001921,6,発信者へ差戻し,DWHUser0061,2024/8/30,XXXX
SMPL-001921,7,再質問,通常User0978,2024/8/30,XXXX
SMPL-001921,8,発信者へ差戻し,DWHUser0061,2024/9/3,XXXX
SMPL-001921,9,回答承認,通常User0978,2024/9/9,XXXX
SMPL-001926,0,新規登録,通常User0243,2024/8/5,XXXX
SMPL-001926,1,発信者へ差戻し,DWHUser0061,2024/8/6,XXXX
SMPL-001926,2,再質問,通常User0244,2024/8/6,XXXX
SMPL-001926,3,発信者へ差戻し,DWHUser0061,2024/8/6,XXXX
SMPL-001926,4,再質問,通常User0244,2024/8/6,XXXX
SMPL-001926,5,発信者へ差戻し,DWHUser0061,2024/8/7,XXXX
SMPL-001926,6,回答承認,通常User0244,2024/10/18,XXXX
SMPL-001932,0,新規登録,通常User0243,2024/8/14,XXXX
SMPL-001932,1,発信者へ差戻し,DWHUser0053,2024/8/14,XXXX
SMPL-001932,2,発信者へ差戻し,DWHUser0799,2024/9/17,※回答カテゴリ：発信者に差戻し　かつ　更新日：1か月以上　のQAへ連絡。　継続の場合、期限内にコメントをお願いいたします。お世話になっております。その後の状況は如何でしょうか。2024年9月29日までにご連絡がない場合、本QAをクローズさせていただきます。以上、よろしくお願い致します。
SMPL-001932,3,クローズ,DWHUser0799,2024/10/1,お世話になっております。期限の2024年9月29日を過ぎましたが、ご連絡がありませんでしたので誠に勝手ながら本件はクローズさせていただきます。問題が解決していない場合には、お手数ですが新規QA登録をお願い致します。
SMPL-001937,0,新規登録,通常User0737,2024/8/16,XXXX
SMPL-001937,1,発信者へ差戻し,DWHUser0053,2024/8/19,XXXX
SMPL-001937,2,再質問,通常User0738,2024/8/19,XXXX
SMPL-001938,0,新規登録,通常User0578,2024/8/9,XXXX
SMPL-001938,1,着手報告回答,通常User0241,2024/8/19,XXXX
SMPL-001938,2,発信者へ差戻し,DWHUser0061,2024/8/19,XXXX
SMPL-001938,3,再質問,通常User0579,2024/8/30,XXXX
SMPL-001938,4,クローズ,DWHUser0061,2024/8/30,XXXX
SMPL-001945,0,新規登録,通常User0737,2024/8/16,XXXX
SMPL-001945,1,発信者へ差戻し,DWHUser0053,2024/8/19,XXXX
SMPL-001945,2,再質問,通常User0738,2024/8/19,XXXX
SMPL-001945,3,発信者へ差戻し,DWHUser0053,2024/8/20,XXXX
SMPL-001945,4,回答承認,通常User0738,2024/8/21,XXXX
SMPL-001949,0,新規登録,通常User0804,2024/8/21,XXXX
SMPL-001949,1,再質問,通常User0805,2024/8/26,XXXX
SMPL-001949,2,発信者へ差戻し,DWHUser0061,2024/8/26,XXXX
SMPL-001949,3,再質問,通常User0805,2024/8/26,XXXX
SMPL-001949,4,発信者へ差戻し,DWHUser0061,2024/8/26,XXXX
SMPL-001949,5,発信者へ差戻し,DWHUser0799,2024/10/23,※回答カテゴリ：発信者に差戻し　かつ　更新日：1か月以上　のQAへ連絡。　継続の場合、期限内にコメントをお願いいたします。お世話になっております。その後の状況は如何でしょうか。2024年10月30日までにご連絡がない場合、本QAをクローズさせていただきます。以上、よろしくお願い致します。
SMPL-001949,6,クローズ,DWHUser0799,2024/10/31,お世話になっております。期限の2024年10月30日を過ぎましたが、ご連絡がありませんでしたので誠に勝手ながら本件はクローズさせていただきます。問題が解決していない場合には、お手数ですが新規QA登録をお願い致します。
SMPL-001950,0,新規登録,通常User0363,2024/8/16,XXXX
SMPL-001950,1,着手報告回答,通常User0241,2024/8/19,XXXX
SMPL-001950,2,発信者へ差戻し,通常User0241,2024/8/19,XXXX
SMPL-001950,3,再質問,通常User0364,2024/8/19,XXXX
SMPL-001950,4,再質問,通常User0364,2024/8/19,XXXX
SMPL-001950,5,再質問,通常User0364,2024/8/20,XXXX
SMPL-001950,6,発信者へ差戻し,通常User0241,2024/8/20,XXXX
SMPL-001950,7,再質問,通常User0364,2024/8/20,XXXX
SMPL-001950,8,発信者へ差戻し,DWHUser0047,2024/8/22,XXXX
SMPL-001950,9,発信者へ差戻し,DWHUser0799,2024/10/23,※回答カテゴリ：発信者に差戻し　かつ　更新日：1か月以上　のQAへ連絡。　継続の場合、期限内にコメントをお願いいたします。お世話になっております。その後の状況は如何でしょうか。2024年10月30日までにご連絡がない場合、本QAをクローズさせていただきます。以上、よろしくお願い致します。
SMPL-001950,10,クローズ,DWHUser0799,2024/10/31,お世話になっております。期限の2024年10月30日を過ぎましたが、ご連絡がありませんでしたので誠に勝手ながら本件はクローズさせていただきます。問題が解決していない場合には、お手数ですが新規QA登録をお願い致します。
SMPL-001953,0,新規登録,通常User0962,2024/8/23,XXXX
SMPL-001953,1,着手報告回答,通常User0542,2024/8/23,XXXX
SMPL-001956,0,新規登録,通常User0243,2024/8/26,XXXX
SMPL-001956,1,発信者へ差戻し,DWHUser0061,2024/8/26,XXXX
SMPL-001956,2,再質問,通常User0244,2024/8/27,XXXX
SMPL-001956,3,発信者へ差戻し,DWHUser0061,2024/8/27,XXXX
SMPL-001956,4,再質問,通常User0244,2024/8/27,XXXX
SMPL-001956,5,再質問,通常User0244,2024/8/28,XXXX
SMPL-001956,6,中間回答,DWHUser0061,2024/8/28,XXXX
SMPL-001956,7,再質問,通常User0244,2024/8/28,XXXX
SMPL-001956,8,発信者へ差戻し,DWHUser0061,2024/8/29,XXXX
SMPL-001956,9,再質問,通常User0244,2024/8/29,XXXX
SMPL-001956,10,発信者へ差戻し,DWHUser0061,2024/8/30,XXXX
SMPL-001956,11,発信者へ差戻し,DWHUser0061,2024/9/2,XXXX
SMPL-001956,12,回答承認,通常User0244,2024/10/18,XXXX
SMPL-001961,0,新規登録,通常User0989,2024/8/29,XXXX
SMPL-001961,1,発信者へ差戻し,DWHUser0061,2024/9/3,XXXX
SMPL-001961,2,回答承認,通常User0990,2024/9/26,XXXX
SMPL-001966,0,新規登録,通常User0821,2024/8/27,XXXX
SMPL-001966,1,着手報告回答,通常User0557,2024/8/27,XXXX
SMPL-001966,2,中間回答,通常User0241,2024/8/30,XXXX
SMPL-001966,3,発信者へ差戻し,DWHUser0053,2024/9/2,XXXX
SMPL-001966,4,再質問,通常User0822,2024/9/2,XXXX
SMPL-001973,0,新規登録,通常User0713,2024/9/4,XXXX
SMPL-001973,1,発信者へ差戻し,DWHUser0061,2024/9/5,XXXX
SMPL-001973,2,再質問,通常User0424,2024/10/3,XXXX
SMPL-001973,3,再質問,通常User0424,2024/10/3,XXXX
SMPL-001973,4,再質問,通常User0424,2024/10/3,XXXX
SMPL-001973,5,再質問,通常User0424,2024/10/4,XXXX
SMPL-001973,6,発信者へ差戻し,DWHUser0061,2024/10/4,XXXX
SMPL-001973,7,再質問,通常User0424,2024/10/18,XXXX
SMPL-001973,8,再質問,通常User0424,2024/10/21,XXXX
SMPL-001973,9,発信者へ差戻し,DWHUser0061,2024/10/21,XXXX
SMPL-001973,10,再質問,通常User0424,2024/10/21,XXXX
SMPL-001973,11,発信者へ差戻し,DWHUser0061,2024/10/21,XXXX
SMPL-001973,12,再質問,通常User0424,2024/10/21,XXXX
SMPL-001973,13,発信者へ差戻し,DWHUser0061,2024/10/22,XXXX
SMPL-001973,14,再質問,通常User0424,2024/10/22,XXXX
SMPL-001973,15,発信者へ差戻し,DWHUser0061,2024/10/23,XXXX
SMPL-001973,16,発信者へ差戻し,DWHUser0799,2024/12/17,※回答カテゴリ：発信者に差戻し　かつ　更新日：1か月以上　のQAへ連絡。　継続の場合、期限内にコメントをお願いいたします。お世話になっております。その後の状況は如何でしょうか。2024年12月24日までにご連絡がない場合、本QAをクローズさせていただきます。以上、よろしくお願い致します。
SMPL-001973,17,クローズ,DWHUser0799,2024/12/25,お世話になっております。期限の2024年12月24日を過ぎましたが、ご連絡がありませんでしたので誠に勝手ながら本件はクローズさせていただきます。問題が解決していない場合には、お手数ですが新規QA登録をお願い致します。
SMPL-001979,0,新規登録,通常User0399,2024/9/6,XXXX
SMPL-001979,1,発信者へ差戻し,DWHUser0053,2024/9/9,XXXX
SMPL-001979,2,回答承認,通常User0400,2024/9/9,XXXX
SMPL-001982,0,新規登録,通常User0243,2024/9/9,XXXX
SMPL-001982,1,発信者へ差戻し,DWHUser0061,2024/9/9,XXXX
SMPL-001982,2,再質問,通常User0244,2024/9/9,XXXX
SMPL-001982,3,発信者へ差戻し,DWHUser0061,2024/9/10,XXXX
SMPL-001982,4,再質問,通常User0244,2024/9/26,XXXX
SMPL-001982,5,発信者へ差戻し,DWHUser0061,2024/9/26,XXXX
SMPL-001982,6,回答承認,通常User0244,2024/10/18,XXXX
SMPL-001997,0,新規登録,通常User0804,2024/9/17,XXXX
SMPL-001997,1,発信者へ差戻し,DWHUser0061,2024/9/19,XXXX
SMPL-001997,2,発信者へ差戻し,DWHUser0799,2024/10/23,※回答カテゴリ：発信者に差戻し　かつ　更新日：1か月以上　のQAへ連絡。　継続の場合、期限内にコメントをお願いいたします。お世話になっております。その後の状況は如何でしょうか。2024年10月30日までにご連絡がない場合、本QAをクローズさせていただきます。以上、よろしくお願い致します。
SMPL-001997,3,クローズ,DWHUser0799,2024/10/31,お世話になっております。期限の2024年10月30日を過ぎましたが、ご連絡がありませんでしたので誠に勝手ながら本件はクローズさせていただきます。問題が解決していない場合には、お手数ですが新規QA登録をお願い致します。
SMPL-002006,0,新規登録,通常User0760,2024/9/20,XXXX
SMPL-002006,1,着手報告回答,通常User0557,2024/9/20,XXXX
SMPL-002006,2,再質問,通常User0761,2024/9/20,XXXX
SMPL-002006,3,資料採取依頼,通常User0241,2024/9/20,XXXX
SMPL-002006,4,再質問,通常User0761,2024/9/20,XXXX
SMPL-002006,5,再質問,通常User0761,2024/9/24,XXXX
SMPL-002006,6,発信者へ差戻し,DWHUser0061,2024/9/24,XXXX
SMPL-002006,7,再質問,通常User0761,2024/9/24,XXXX
SMPL-002006,8,発信者へ差戻し,DWHUser0061,2024/9/24,XXXX
SMPL-002006,9,回答承認,通常User0761,2024/9/26,XXXX
SMPL-002008,0,新規登録,通常User0786,2024/9/24,XXXX
SMPL-002008,1,着手報告回答,通常User0557,2024/9/24,XXXX
SMPL-002008,2,発信者へ差戻し,DWHUser0053,2024/9/24,XXXX
SMPL-002008,3,発信者へ差戻し,DWHUser0799,2024/11/18,XXXX
SMPL-002008,4,再質問,通常User0787,2024/11/28,XXXX
SMPL-002008,5,発信者へ差戻し,DWHUser0053,2024/11/29,XXXX
SMPL-002008,6,発信者へ差戻し,DWHUser0799,2025/1/15,XXXX
SMPL-002008,7,回答承認,通常User0787,2025/1/16,XXXX
SMPL-002011,0,新規登録,通常User1003,2024/9/25,XXXX
SMPL-002011,1,発信者へ差戻し,DWHUser0061,2024/9/26,XXXX
SMPL-002011,2,再質問,通常User0307,2024/9/27,XXXX
SMPL-002011,3,発信者へ差戻し,DWHUser0061,2024/9/30,XXXX
SMPL-002011,4,再質問,通常User0610,2024/9/30,XXXX
SMPL-002011,5,発信者へ差戻し,DWHUser0061,2024/9/30,XXXX
SMPL-002011,6,発信者へ差戻し,DWHUser0799,2024/11/18,※回答カテゴリ：発信者に差戻し　かつ　更新日：1か月以上　のQAへ連絡。　継続の場合、期限内にコメントをお願いいたします。お世話になっております。その後の状況は如何でしょうか。2024年11月27日までにご連絡がない場合、本QAをクローズさせていただきます。以上、よろしくお願い致します。
SMPL-002011,7,クローズ,DWHUser0799,2024/11/29,お世話になっております。期限の2024年11月27日を過ぎましたが、ご連絡がありませんでしたので誠に勝手ながら本件はクローズさせていただきます。問題が解決していない場合には、お手数ですが新規QA登録をお願い致します。
SMPL-002013,0,新規登録,通常User0601,2024/9/26,XXXX
SMPL-002013,1,着手報告回答,通常User0557,2024/9/26,XXXX
SMPL-002015,0,新規登録,通常User1004,2024/9/28,XXXX
SMPL-002015,1,発信者へ差戻し,DWHUser0047,2024/9/30,XXXX
SMPL-002015,2,発信者へ差戻し,DWHUser0799,2024/11/18,XXXX
SMPL-002015,3,再質問,通常User0850,2024/11/18,XXXX
SMPL-002015,4,発信者へ差戻し,DWHUser0047,2024/11/19,XXXX
SMPL-002015,5,発信者へ差戻し,DWHUser0799,2025/1/15,※回答カテゴリ：発信者に差戻し　かつ　更新日：1か月以上　のQAへ連絡。　継続の場合、期限内にコメントをお願いいたします。お世話になっております。その後の状況は如何でしょうか。2025年1月28日までにご連絡がない場合、本QAをクローズさせていただきます。以上、よろしくお願い致します。
SMPL-002015,6,クローズ,DWHUser0799,2025/1/29,お世話になっております。期限の2025年1月28日を過ぎましたが、ご連絡がありませんでしたので誠に勝手ながら本件はクローズさせていただきます。問題が解決していない場合には、お手数ですが新規QA登録をお願い致します。
SMPL-002022,0,新規登録,通常User0484,2024/10/1,XXXX
SMPL-002022,1,発信者へ差戻し,DWHUser0061,2024/10/2,XXXX
SMPL-002022,2,再質問,通常User0118,2024/10/3,XXXX
SMPL-002022,3,発信者へ差戻し,DWHUser0061,2024/10/4,XXXX
SMPL-002022,4,再質問,通常User0118,2024/10/9,XXXX
SMPL-002022,5,発信者へ差戻し,DWHUser0061,2024/10/9,XXXX
SMPL-002022,6,再質問,通常User0118,2024/10/9,XXXX
SMPL-002022,7,発信者へ差戻し,DWHUser0061,2024/10/10,XXXX
SMPL-002022,8,再質問,通常User0118,2024/10/17,XXXX
SMPL-002022,9,発信者へ差戻し,DWHUser0061,2024/10/18,XXXX
SMPL-002022,10,再質問,通常User0118,2024/10/22,XXXX
SMPL-002022,11,発信者へ差戻し,DWHUser0061,2024/10/23,XXXX
SMPL-002022,12,再質問,通常User0118,2024/11/5,XXXX
SMPL-002022,13,再質問,通常User0118,2024/11/5,XXXX
SMPL-002022,14,発信者へ差戻し,DWHUser0061,2024/11/5,XXXX
SMPL-002022,15,発信者へ差戻し,DWHUser0799,2024/12/17,XXXX
SMPL-002022,16,再質問,通常User0118,2024/12/20,XXXX
SMPL-002022,17,発信者へ差戻し,DWHUser0061,2024/12/23,XXXX
SMPL-002022,18,回答承認,通常User0118,2025/1/26,XXXX
SMPL-002029,0,新規登録,通常User1006,2024/9/20,XXXX
SMPL-002029,1,資料採取依頼,通常User0241,2024/9/24,XXXX
SMPL-002029,2,再質問,通常User1007,2024/9/24,XXXX
SMPL-002029,3,中間回答,通常User0241,2024/10/1,XXXX
SMPL-002029,4,中間回答,通常User0241,2024/10/3,XXXX
SMPL-002029,5,再質問,通常User1007,2024/10/3,XXXX
SMPL-002029,6,中間回答,DWHUser0061,2024/10/4,XXXX
SMPL-002031,0,新規登録,通常User0737,2024/10/4,XXXX
SMPL-002031,1,発信者へ差戻し,DWHUser0053,2024/10/4,XXXX
SMPL-002031,2,再質問,通常User0738,2024/10/8,XXXX
SMPL-002031,3,発信者へ差戻し,DWHUser0053,2024/10/8,XXXX
SMPL-002031,4,回答承認,通常User0738,2024/10/10,XXXX
SMPL-002037,0,新規登録,通常User0243,2024/10/8,XXXX
SMPL-002037,1,発信者へ差戻し,DWHUser0061,2024/10/9,XXXX
SMPL-002037,2,再質問,通常User0244,2024/10/9,XXXX
SMPL-002037,3,発信者へ差戻し,DWHUser0061,2024/10/10,XXXX
SMPL-002037,4,再質問,通常User0244,2024/10/10,XXXX
SMPL-002037,5,発信者へ差戻し,DWHUser0061,2024/10/11,XXXX
SMPL-002037,6,再質問,通常User0244,2024/10/16,XXXX
SMPL-002037,7,発信者へ差戻し,DWHUser0061,2024/10/21,XXXX
SMPL-002037,8,再質問,通常User0244,2024/10/21,XXXX
SMPL-002037,9,発信者へ差戻し,DWHUser0061,2024/10/21,XXXX
SMPL-002037,10,再質問,通常User0244,2024/10/21,XXXX
SMPL-002037,11,発信者へ差戻し,DWHUser0061,2024/10/23,XXXX
SMPL-002037,12,発信者へ差戻し,DWHUser0061,2024/10/25,XXXX
SMPL-002037,13,発信者へ差戻し,DWHUser0799,2024/12/17,XXXX
SMPL-002037,14,再質問,通常User0244,2024/12/20,XXXX
SMPL-002037,15,発信者へ差戻し,DWHUser0006,2024/12/26,XXXX
SMPL-002037,16,発信者へ差戻し,DWHUser0061,2025/2/14,XXXX
SMPL-002037,17,発信者へ差戻し,通常User0973,2025/4/7,※回答カテゴリ：発信者に差戻し　かつ　更新日：1か月以上　のQAへ連絡。　継続の場合、期限内にコメントをお願いいたします。お世話になっております。その後の状況は如何でしょうか。2025年4月20日までにご連絡がない場合、本QAをクローズさせていただきます。以上、よろしくお願い致します。
SMPL-002037,18,完了回答,通常User0973,2025/4/24,お世話になっております。期限の2025年4月20日を過ぎましたが、ご連絡がありませんでしたので誠に勝手ながら本件はクローズさせていただきます。問題が解決していない場合には、お手数ですが新規QA登録をお願い致します。
SMPL-002042,0,新規登録,通常User0243,2024/10/10,XXXX
SMPL-002042,1,発信者へ差戻し,DWHUser0061,2024/10/11,XXXX
SMPL-002042,2,再質問,通常User0244,2024/10/15,XXXX
SMPL-002042,3,発信者へ差戻し,DWHUser0061,2024/10/16,XXXX
SMPL-002042,4,再質問,通常User0244,2024/10/17,XXXX
SMPL-002042,5,発信者へ差戻し,DWHUser0061,2024/10/21,XXXX
SMPL-002042,6,再質問,通常User0244,2024/10/21,XXXX
SMPL-002042,7,発信者へ差戻し,DWHUser0061,2024/10/22,XXXX
SMPL-002042,8,発信者へ差戻し,DWHUser0061,2024/10/22,XXXX
SMPL-002042,9,再質問,通常User0244,2024/10/22,XXXX
SMPL-002042,10,発信者へ差戻し,DWHUser0061,2024/10/22,XXXX
SMPL-002042,11,発信者へ差戻し,DWHUser0061,2024/10/22,XXXX
SMPL-002042,12,再質問,通常User0244,2024/10/22,XXXX
SMPL-002042,13,発信者へ差戻し,DWHUser0061,2024/10/23,XXXX
SMPL-002042,14,発信者へ差戻し,DWHUser0061,2024/10/25,XXXX
SMPL-002042,15,再質問,通常User0244,2024/10/31,XXXX
SMPL-002042,16,発信者へ差戻し,DWHUser0061,2024/11/1,XXXX
SMPL-002042,17,再質問,通常User0244,2024/11/11,XXXX
SMPL-002042,18,発信者へ差戻し,DWHUser0061,2024/11/13,XXXX
SMPL-002042,19,発信者へ差戻し,DWHUser0061,2025/1/16,XXXX
SMPL-002042,20,発信者へ差戻し,DWHUser0799,2025/3/10,※回答カテゴリ：発信者に差戻し　かつ　更新日：1か月以上　のQAへ連絡。　継続の場合、期限内にコメントをお願いいたします。お世話になっております。その後の状況は如何でしょうか。2025年3月18日までにご連絡がない場合、本QAをクローズさせていただきます。以上、よろしくお願い致します。
SMPL-002042,21,クローズ,DWHUser0799,2025/3/19,お世話になっております。期限の2025年3月18日を過ぎましたが、ご連絡がありませんでしたので誠に勝手ながら本件はクローズさせていただきます。問題が解決していない場合には、お手数ですが新規QA登録をお願い致します。
SMPL-002044,0,新規登録,通常User0224,2024/10/15,XXXX
SMPL-002044,1,再質問,通常User0225,2024/10/15,XXXX
SMPL-002044,2,発信者へ差戻し,DWHUser0053,2024/10/15,XXXX
SMPL-002044,3,再質問,通常User0225,2024/10/16,XXXX
SMPL-002044,4,発信者へ差戻し,DWHUser0053,2024/10/16,XXXX
SMPL-002044,5,再質問,通常User0225,2024/10/18,XXXX
SMPL-002044,6,クローズ,DWHUser0053,2024/10/18,XXXX
SMPL-002049,0,新規登録,通常User0974,2024/10/21,XXXX
SMPL-002049,1,再質問,通常User0975,2024/10/21,XXXX
SMPL-002049,2,発信者へ差戻し,DWHUser0061,2024/10/22,XXXX
SMPL-002049,3,回答承認,通常User0975,2024/10/24,XXXX
SMPL-002050,0,新規登録,通常User0832,2024/10/22,XXXX
SMPL-002050,1,着手報告回答,通常User0557,2024/10/22,XXXX
SMPL-002050,2,発信者へ差戻し,DWHUser0053,2024/10/22,XXXX
SMPL-002050,3,完了回答,通常User0641,2024/10/22,XXXX
SMPL-002050,4,回答承認,通常User0833,2024/12/20,XXXX
SMPL-002056,0,新規登録,通常User0788,2024/10/23,XXXX
SMPL-002056,1,発信者へ差戻し,DWHUser0053,2024/10/25,XXXX
SMPL-002056,2,再質問,通常User0108,2024/10/25,XXXX
SMPL-002056,3,発信者へ差戻し,DWHUser0053,2024/10/28,XXXX
SMPL-002056,4,再質問,通常User0108,2024/10/28,XXXX
SMPL-002056,5,再質問,通常User0108,2024/10/28,XXXX
SMPL-002056,6,クローズ,DWHUser0053,2024/10/28,XXXX
SMPL-002065,0,新規登録,通常User0269,2024/10/29,XXXX
SMPL-002065,1,発信者へ差戻し,DWHUser0061,2024/10/29,XXXX
SMPL-002065,2,発信者へ差戻し,DWHUser0799,2024/12/17,※回答カテゴリ：発信者に差戻し　かつ　更新日：1か月以上　のQAへ連絡。　継続の場合、期限内にコメントをお願いいたします。お世話になっております。その後の状況は如何でしょうか。2024年12月24日までにご連絡がない場合、本QAをクローズさせていただきます。以上、よろしくお願い致します。
SMPL-002065,3,クローズ,DWHUser0799,2024/12/25,お世話になっております。期限の2024年12月24日を過ぎましたが、ご連絡がありませんでしたので誠に勝手ながら本件はクローズさせていただきます。問題が解決していない場合には、お手数ですが新規QA登録をお願い致します。
SMPL-002067,0,新規登録,通常User1026,2024/10/30,XXXX
SMPL-002071,0,新規登録,通常User0737,2024/11/1,XXXX
SMPL-002071,1,発信者へ差戻し,DWHUser0061,2024/11/1,XXXX
SMPL-002071,2,再質問,通常User0738,2024/11/8,XXXX
SMPL-002071,3,発信者へ差戻し,DWHUser0061,2024/11/11,XXXX
SMPL-002071,4,回答承認,通常User0738,2024/11/11,XXXX
SMPL-002076,0,新規登録,通常User0788,2024/11/5,XXXX
SMPL-002076,1,着手報告回答,通常User0593,2024/11/5,XXXX
SMPL-002076,2,完了回答,通常User0593,2024/11/5,XXXX
SMPL-002076,3,回答承認,通常User0108,2024/11/5,XXXX
SMPL-002084,0,新規登録,通常User0748,2024/11/7,XXXX
SMPL-002084,1,再質問,通常User0749,2024/11/7,XXXX
SMPL-002084,2,発信者へ差戻し,DWHUser0061,2024/11/7,XXXX
SMPL-002084,3,再質問,通常User0749,2024/11/7,XXXX
SMPL-002084,4,発信者へ差戻し,DWHUser0061,2024/11/7,XXXX
SMPL-002084,5,回答承認,通常User0749,2024/11/11,XXXX
SMPL-002085,0,新規登録,通常User0748,2024/11/8,XXXX
SMPL-002085,1,着手報告回答,通常User0557,2024/11/8,XXXX
SMPL-002097,0,新規登録,通常User0929,2024/11/14,XXXX
SMPL-002097,1,着手報告回答,通常User0641,2024/11/15,XXXX
SMPL-002104,0,新規登録,通常User1037,2024/11/18,XXXX
SMPL-002104,1,再質問,通常User1038,2024/11/18,XXXX
SMPL-002104,2,発信者へ差戻し,DWHUser0061,2024/11/19,XXXX
SMPL-002104,3,再質問,通常User1039,2024/11/19,XXXX
SMPL-002104,4,発信者へ差戻し,DWHUser0061,2024/11/19,XXXX
SMPL-002104,5,再質問,通常User0841,2024/12/23,XXXX
SMPL-002104,6,発信者へ差戻し,DWHUser0061,2024/12/23,XXXX
SMPL-002104,7,発信者へ差戻し,DWHUser0799,2025/2/14,※回答カテゴリ：発信者に差戻し　かつ　更新日：1か月以上　のQAへ連絡。　継続の場合、期限内にコメントをお願いいたします。お世話になっております。その後の状況は如何でしょうか。2025年2月24日までにご連絡がない場合、本QAをクローズさせていただきます。以上、よろしくお願い致します。
SMPL-002104,8,クローズ,DWHUser0799,2025/2/25,お世話になっております。期限の2025年2月24日を過ぎましたが、ご連絡がありませんでしたので誠に勝手ながら本件はクローズさせていただきます。問題が解決していない場合には、お手数ですが新規QA登録をお願い致します。
SMPL-002107,0,新規登録,通常User0493,2024/11/19,XXXX
SMPL-002107,1,着手報告回答,通常User0557,2024/11/19,XXXX
SMPL-002107,2,発信者へ差戻し,DWHUser0053,2024/11/21,XXXX
SMPL-002107,3,発信者へ差戻し,DWHUser0799,2025/1/15,※回答カテゴリ：発信者に差戻し　かつ　更新日：1か月以上　のQAへ連絡。　継続の場合、期限内にコメントをお願いいたします。お世話になっております。その後の状況は如何でしょうか。2025年1月28日までにご連絡がない場合、本QAをクローズさせていただきます。以上、よろしくお願い致します。
SMPL-002107,4,クローズ,DWHUser0799,2025/1/29,お世話になっております。期限の2025年1月28日を過ぎましたが、ご連絡がありませんでしたので誠に勝手ながら本件はクローズさせていただきます。問題が解決していない場合には、お手数ですが新規QA登録をお願い致します。
SMPL-002109,0,新規登録,通常User0399,2024/11/22,XXXX
SMPL-002109,1,着手報告回答,通常User0557,2024/11/25,XXXX
SMPL-002109,2,発信者へ差戻し,DWHUser0061,2024/11/25,XXXX
SMPL-002109,3,回答承認,通常User0400,2024/11/25,XXXX
SMPL-002114,0,新規登録,通常User0508,2024/11/26,XXXX
SMPL-002114,1,着手報告回答,通常User0557,2024/11/26,XXXX
SMPL-002114,2,発信者へ差戻し,DWHUser0061,2025/1/8,XXXX
SMPL-002114,3,発信者へ差戻し,DWHUser0799,2025/2/14,※回答カテゴリ：発信者に差戻し　かつ　更新日：1か月以上　のQAへ連絡。　継続の場合、期限内にコメントをお願いいたします。お世話になっております。その後の状況は如何でしょうか。2025年2月24日までにご連絡がない場合、本QAをクローズさせていただきます。以上、よろしくお願い致します。
SMPL-002114,4,クローズ,DWHUser0799,2025/2/25,お世話になっております。期限の2025年2月24日を過ぎましたが、ご連絡がありませんでしたので誠に勝手ながら本件はクローズさせていただきます。問題が解決していない場合には、お手数ですが新規QA登録をお願い致します。
SMPL-002117,0,新規登録,通常User0296,2024/11/26,XXXX
SMPL-002117,1,着手報告回答,通常User0557,2024/11/26,XXXX
SMPL-002117,2,発信者へ差戻し,通常User0653,2024/11/26,XXXX
SMPL-002117,3,再質問,通常User0924,2024/11/27,XXXX
SMPL-002117,4,発信者へ差戻し,DWHUser0047,2024/11/28,XXXX
SMPL-002117,5,発信者へ差戻し,DWHUser0799,2025/1/15,※回答カテゴリ：発信者に差戻し　かつ　更新日：1か月以上　のQAへ連絡。　継続の場合、期限内にコメントをお願いいたします。お世話になっております。その後の状況は如何でしょうか。2025年1月28日までにご連絡がない場合、本QAをクローズさせていただきます。以上、よろしくお願い致します。
SMPL-002117,6,クローズ,DWHUser0799,2025/1/29,お世話になっております。期限の2025年1月28日を過ぎましたが、ご連絡がありませんでしたので誠に勝手ながら本件はクローズさせていただきます。問題が解決していない場合には、お手数ですが新規QA登録をお願い致します。
SMPL-002120,0,新規登録,通常User0557,2024/12/2,XXXX
SMPL-002120,1,発信者へ差戻し,DWHUser0061,2024/12/2,XXXX
SMPL-002120,2,中間回答,DWHUser0061,2024/12/6,XXXX
SMPL-002120,3,発信者へ差戻し,DWHUser0061,2024/12/6,XXXX
SMPL-002120,4,クローズ,DWHUser0061,2024/12/10,XXXX
SMPL-002122,0,新規登録,通常User0557,2024/12/5,XXXX
SMPL-002122,1,クローズ,DWHUser0061,2024/12/10,XXXX
SMPL-002123,0,新規登録,通常User0557,2024/12/6,XXXX
SMPL-002123,1,発信者へ差戻し,DWHUser0053,2024/12/9,XXXX
SMPL-002123,2,発信者へ差戻し,DWHUser0053,2024/12/9,XXXX
SMPL-002123,3,中間回答,DWHUser0061,2024/12/9,XXXX
SMPL-002123,4,中間回答,DWHUser0053,2024/12/9,XXXX
SMPL-002123,5,クローズ,DWHUser0053,2024/12/10,XXXX
SMPL-002129,0,新規登録,通常User0784,2024/12/10,XXXX
SMPL-002129,1,発信者へ差戻し,DWHUser0061,2024/12/10,XXXX
SMPL-002129,2,再質問,通常User0785,2024/12/10,XXXX
SMPL-002129,3,再質問,通常User0785,2024/12/10,XXXX
SMPL-002129,4,再質問,通常User0785,2024/12/10,XXXX
SMPL-002129,5,発信者へ差戻し,DWHUser0061,2024/12/10,XXXX
SMPL-002129,6,発信者へ差戻し,DWHUser0799,2025/1/15,※回答カテゴリ：発信者に差戻し　かつ　更新日：1か月以上　のQAへ連絡。　継続の場合、期限内にコメントをお願いいたします。お世話になっております。その後の状況は如何でしょうか。2025年1月28日までにご連絡がない場合、本QAをクローズさせていただきます。以上、よろしくお願い致します。
SMPL-002129,7,クローズ,DWHUser0799,2025/1/29,お世話になっております。期限の2025年1月28日を過ぎましたが、ご連絡がありませんでしたので誠に勝手ながら本件はクローズさせていただきます。問題が解決していない場合には、お手数ですが新規QA登録をお願い致します。
SMPL-002146,0,新規登録,通常User0949,2024/12/20,XXXX
SMPL-002146,1,発信者へ差戻し,DWHUser0061,2024/12/27,XXXX
SMPL-002146,2,再質問,通常User0950,2025/1/6,XXXX
SMPL-002146,3,発信者へ差戻し,DWHUser0061,2025/1/6,XXXX
SMPL-002146,4,再質問,通常User0950,2025/1/6,XXXX
SMPL-002146,5,発信者へ差戻し,DWHUser0061,2025/1/15,XXXX
SMPL-002146,6,再質問,通常User0950,2025/1/15,XXXX
SMPL-002146,7,発信者へ差戻し,DWHUser0006,2025/1/15,XXXX
SMPL-002146,8,発信者へ差戻し,DWHUser0799,2025/2/14,※回答カテゴリ：発信者に差戻し　かつ　更新日：1か月以上　のQAへ連絡。　継続の場合、期限内にコメントをお願いいたします。お世話になっております。その後の状況は如何でしょうか。2025年2月24日までにご連絡がない場合、本QAをクローズさせていただきます。以上、よろしくお願い致します。
SMPL-002146,9,クローズ,DWHUser0799,2025/2/25,お世話になっております。期限の2025年2月24日を過ぎましたが、ご連絡がありませんでしたので誠に勝手ながら本件はクローズさせていただきます。問題が解決していない場合には、お手数ですが新規QA登録をお願い致します。
SMPL-002161,0,新規登録,通常User0296,2024/12/27,XXXX
SMPL-002161,1,着手報告回答,通常User0241,2025/1/6,XXXX
SMPL-002167,0,新規登録,通常User0236,2025/1/10,XXXX
SMPL-002167,1,再質問,通常User0237,2025/1/10,XXXX
SMPL-002167,2,再質問,通常User0237,2025/1/10,XXXX
SMPL-002167,3,発信者へ差戻し,DWHUser0061,2025/1/10,XXXX
SMPL-002167,4,回答承認,通常User0237,2025/1/20,XXXX
SMPL-002168,0,新規登録,通常User0851,2024/11/28,XXXX
SMPL-002168,1,着手報告回答,通常User0557,2024/11/29,XXXX
SMPL-002168,2,発信者へ差戻し,通常User0241,2024/11/29,XXXX
SMPL-002168,3,再質問,通常User1052,2024/12/11,XXXX
SMPL-002168,4,再質問,通常User1052,2024/12/25,XXXX
SMPL-002168,5,再質問,通常User1052,2024/12/26,XXXX
SMPL-002168,6,中間回答,通常User0241,2024/12/26,XXXX
SMPL-002168,7,発信者へ差戻し,DWHUser0053,2024/12/26,XXXX
SMPL-002168,8,再質問,通常User1052,2024/12/28,XXXX
SMPL-002168,9,発信者へ差戻し,DWHUser0053,2025/1/20,XXXX
SMPL-002168,10,回答承認,通常User1052,2025/1/28,XXXX
SMPL-002170,0,新規登録,通常User0573,2024/12/26,XXXX
SMPL-002170,1,着手報告回答,通常User0557,2024/12/26,XXXX
SMPL-002170,2,完了回答,通常User0241,2025/1/7,XXXX
SMPL-002170,3,再質問,通常User0574,2025/1/7,XXXX
SMPL-002170,4,中間回答,通常User0241,2025/1/10,XXXX
SMPL-002170,5,発信者へ差戻し,DWHUser0061,2025/1/14,XXXX
SMPL-002170,6,再質問,通常User0574,2025/1/17,XXXX
SMPL-002170,7,発信者へ差戻し,DWHUser0061,2025/1/17,XXXX
SMPL-002170,8,再質問,通常User0574,2025/1/21,XXXX
SMPL-002170,9,発信者へ差戻し,DWHUser0061,2025/1/21,XXXX
SMPL-002170,10,回答承認,通常User0574,2025/1/24,XXXX
SMPL-002175,0,新規登録,通常User0084,2025/1/14,XXXX
SMPL-002175,1,着手報告回答,通常User0557,2025/1/14,XXXX
SMPL-002175,2,発信者へ差戻し,DWHUser0061,2025/1/14,XXXX
SMPL-002175,3,再質問,通常User0085,2025/1/14,XXXX
SMPL-002175,4,発信者へ差戻し,DWHUser0061,2025/1/15,XXXX
SMPL-002175,5,回答承認,通常User0085,2025/1/15,XXXX
SMPL-002182,0,新規登録,通常User0375,2025/1/20,XXXX
SMPL-002182,1,発信者へ差戻し,DWHUser0061,2025/1/21,XXXX
SMPL-002182,2,回答承認,通常User0376,2025/1/21,XXXX
SMPL-002185,0,新規登録,通常User0898,2025/1/23,XXXX
SMPL-002187,0,新規登録,通常User1053,2025/1/24,XXXX
SMPL-002187,1,発信者へ差戻し,DWHUser0061,2025/1/27,XXXX
SMPL-002187,2,発信者へ差戻し,DWHUser0799,2025/3/10,XXXX
SMPL-002187,3,回答承認,通常User1009,2025/3/11,XXXX
SMPL-002190,0,新規登録,通常User0926,2025/1/21,XXXX
SMPL-002190,1,着手報告回答,通常User0557,2025/1/21,XXXX
SMPL-002190,2,資料採取依頼,通常User0241,2025/1/21,XXXX
SMPL-002190,3,再質問,通常User0927,2025/1/22,XXXX
SMPL-002190,4,中間回答,通常User0241,2025/1/24,XXXX
SMPL-002190,5,中間回答,通常User0241,2025/1/27,XXXX
SMPL-002190,6,再質問,通常User0927,2025/1/27,XXXX
SMPL-002190,7,中間回答,DWHUser0061,2025/1/28,XXXX
SMPL-002192,0,新規登録,通常User0996,2025/1/29,XXXX
SMPL-002192,1,発信者へ差戻し,DWHUser0061,2025/1/29,XXXX
SMPL-002192,2,再質問,通常User0997,2025/1/30,XXXX
SMPL-002192,3,再質問,通常User1057,2025/2/3,XXXX
SMPL-002192,4,発信者へ差戻し,DWHUser0061,2025/2/4,XXXX
SMPL-002192,5,回答承認,通常User1050,2025/2/7,XXXX
SMPL-002199,0,新規登録,通常User0642,2025/1/31,XXXX
SMPL-002199,1,再質問,通常User0643,2025/2/20,XXXX
SMPL-002199,2,発信者へ差戻し,DWHUser0061,2025/3/4,XXXX
SMPL-002199,3,発信者へ差戻し,通常User0973,2025/4/8,※回答カテゴリ：発信者に差戻し　かつ　更新日：1か月以上　のQAへ連絡。　継続の場合、期限内にコメントをお願いいたします。お世話になっております。その後の状況は如何でしょうか。2025年4月20日までにご連絡がない場合、本QAをクローズさせていただきます。以上、よろしくお願い致します。
SMPL-002199,4,完了回答,通常User0973,2025/4/24,お世話になっております。期限の2025年4月20日を過ぎましたが、ご連絡がありませんでしたので誠に勝手ながら本件はクローズさせていただきます。問題が解決していない場合には、お手数ですが新規QA登録をお願い致します。
SMPL-002201,0,新規登録,通常User0573,2025/2/3,XXXX
SMPL-002201,1,発信者へ差戻し,DWHUser0061,2025/2/4,XXXX
SMPL-002201,2,再質問,通常User0574,2025/2/5,XXXX
SMPL-002201,3,発信者へ差戻し,DWHUser0061,2025/2/5,XXXX
SMPL-002201,4,再質問,通常User0574,2025/2/5,XXXX
SMPL-002201,5,再質問,通常User0574,2025/2/6,XXXX
SMPL-002201,6,発信者へ差戻し,DWHUser0061,2025/2/6,XXXX
SMPL-002201,7,再質問,通常User0574,2025/2/6,XXXX
SMPL-002201,8,再質問,通常User0574,2025/2/6,XXXX
SMPL-002201,9,発信者へ差戻し,DWHUser0061,2025/2/6,XXXX
SMPL-002201,10,再質問,通常User0574,2025/2/12,XXXX
SMPL-002201,11,発信者へ差戻し,DWHUser0061,2025/2/12,XXXX
SMPL-002201,12,再質問,通常User0574,2025/2/26,XXXX
SMPL-002201,13,発信者へ差戻し,DWHUser0061,2025/2/27,XXXX
SMPL-002201,14,再質問,通常User0574,2025/2/28,XXXX
SMPL-002201,15,再質問,通常User0574,2025/3/3,XXXX
SMPL-002201,16,発信者へ差戻し,DWHUser0061,2025/3/3,XXXX
SMPL-002201,17,再質問,通常User0574,2025/3/3,XXXX
SMPL-002201,18,発信者へ差戻し,DWHUser0061,2025/3/3,XXXX
SMPL-002201,19,回答承認,通常User0574,2025/3/3,XXXX
SMPL-002204,0,新規登録,通常User0296,2025/2/5,XXXX
SMPL-002204,1,着手報告回答,通常User0557,2025/2/6,XXXX
SMPL-002204,2,発信者へ差戻し,DWHUser0047,2025/2/6,XXXX
SMPL-002204,3,発信者へ差戻し,DWHUser0799,2025/3/10,※回答カテゴリ：発信者に差戻し　かつ　更新日：1か月以上　のQAへ連絡。　継続の場合、期限内にコメントをお願いいたします。お世話になっております。その後の状況は如何でしょうか。2025年3月18日までにご連絡がない場合、本QAをクローズさせていただきます。以上、よろしくお願い致します。
SMPL-002204,4,クローズ,DWHUser0799,2025/3/19,お世話になっております。期限の2025年3月18日を過ぎましたが、ご連絡がありませんでしたので誠に勝手ながら本件はクローズさせていただきます。問題が解決していない場合には、お手数ですが新規QA登録をお願い致します。
SMPL-002213,0,新規登録,通常User0752,2025/2/12,XXXX
SMPL-002213,1,着手報告回答,通常User0557,2025/2/12,XXXX
SMPL-002213,2,発信者へ差戻し,DWHUser0061,2025/2/12,XXXX
SMPL-002213,3,再質問,通常User0674,2025/2/15,XXXX
SMPL-002213,4,発信者へ差戻し,DWHUser0061,2025/2/17,XXXX
SMPL-002213,5,回答承認,通常User0674,2025/2/17,XXXX
SMPL-002225,0,新規登録,通常User0762,2025/2/18,XXXX
SMPL-002226,0,新規登録,通常User1062,2025/2/18,XXXX
SMPL-002226,1,発信者へ差戻し,DWHUser0061,2025/2/19,XXXX
SMPL-002226,2,再質問,通常User1063,2025/2/20,XXXX
SMPL-002226,3,発信者へ差戻し,DWHUser0061,2025/2/28,XXXX
SMPL-002226,4,回答承認,通常User1063,2025/3/5,XXXX
SMPL-002231,0,新規登録,通常User0685,2025/2/20,XXXX
SMPL-002231,1,発信者へ差戻し,DWHUser0061,2025/2/25,XXXX
SMPL-002231,2,発信者へ差戻し,通常User0973,2025/4/8,※回答カテゴリ：発信者に差戻し　かつ　更新日：1か月以上　のQAへ連絡。　継続の場合、期限内にコメントをお願いいたします。お世話になっております。その後の状況は如何でしょうか。2025年4月20日までにご連絡がない場合、本QAをクローズさせていただきます。以上、よろしくお願い致します。
SMPL-002231,3,完了回答,通常User0973,2025/4/24,お世話になっております。期限の2025年4月20日を過ぎましたが、ご連絡がありませんでしたので誠に勝手ながら本件はクローズさせていただきます。問題が解決していない場合には、お手数ですが新規QA登録をお願い致します。
SMPL-002234,0,新規登録,通常User0247,2025/2/25,XXXX
SMPL-002234,1,着手報告回答,通常User0557,2025/2/25,XXXX
SMPL-002234,2,再質問,通常User0532,2025/2/25,XXXX
SMPL-002234,3,再質問,通常User0532,2025/2/25,XXXX
SMPL-002234,4,資料採取依頼,通常User0241,2025/2/25,XXXX
SMPL-002234,5,再質問,通常User0532,2025/2/25,XXXX
SMPL-002234,6,再質問,通常User0532,2025/2/25,XXXX
SMPL-002234,7,発信者へ差戻し,DWHUser0061,2025/2/25,XXXX
SMPL-002234,8,再質問,通常User0532,2025/2/26,XXXX
SMPL-002234,9,再質問,通常User0532,2025/2/26,XXXX
SMPL-002234,10,再質問,通常User0532,2025/2/26,XXXX
SMPL-002234,11,発信者へ差戻し,DWHUser0061,2025/2/26,XXXX
SMPL-002234,12,再質問,通常User0532,2025/2/26,XXXX
SMPL-002234,13,発信者へ差戻し,DWHUser0061,2025/2/27,XXXX
SMPL-002234,14,発信者へ差戻し,通常User0973,2025/4/8,※回答カテゴリ：発信者に差戻し　かつ　更新日：1か月以上　のQAへ連絡。　継続の場合、期限内にコメントをお願いいたします。お世話になっております。その後の状況は如何でしょうか。2025年4月20日までにご連絡がない場合、本QAをクローズさせていただきます。以上、よろしくお願い致します。
SMPL-002234,15,完了回答,通常User0973,2025/4/24,お世話になっております。期限の2025年4月20日を過ぎましたが、ご連絡がありませんでしたので誠に勝手ながら本件はクローズさせていただきます。問題が解決していない場合には、お手数ですが新規QA登録をお願い致します。
SMPL-002244,0,新規登録,通常User0996,2025/2/27,XXXX
SMPL-002244,1,発信者へ差戻し,DWHUser0061,2025/2/28,XXXX
SMPL-002244,2,再質問,通常User0997,2025/3/17,XXXX
SMPL-002244,3,発信者へ差戻し,DWHUser0061,2025/3/24,XXXX
SMPL-002244,4,回答承認,通常User1050,2025/4/15,XXXX
SMPL-002247,0,新規登録,通常User1076,2025/2/28,XXXX
SMPL-002247,1,着手報告回答,通常User0557,2025/2/28,XXXX
SMPL-002247,2,発信者へ差戻し,DWHUser0061,2025/3/3,XXXX
SMPL-002247,3,再質問,通常User1077,2025/3/4,XXXX
SMPL-002247,4,発信者へ差戻し,通常User0641,2025/3/4,XXXX
SMPL-002247,5,再質問,通常User0769,2025/3/12,XXXX
SMPL-002247,6,再質問,通常User0769,2025/3/19,XXXX
SMPL-002247,7,中間回答,DWHUser0061,2025/3/19,XXXX
SMPL-002247,8,再質問,通常User0769,2025/3/21,XXXX
SMPL-002247,9,発信者へ差戻し,DWHUser0061,2025/3/21,XXXX
SMPL-002247,10,再質問,通常User0769,2025/3/21,XXXX
SMPL-002247,11,発信者へ差戻し,DWHUser0061,2025/3/24,XXXX
SMPL-002247,12,再質問,通常User0769,2025/3/24,XXXX
SMPL-002247,13,再質問,通常User0769,2025/4/8,XXXX
SMPL-002247,14,中間回答,DWHUser0061,2025/4/17,XXXX
SMPL-002251,0,新規登録,通常User0296,2025/3/3,XXXX
SMPL-002251,1,着手報告回答,通常User0557,2025/3/4,XXXX
SMPL-002251,2,発信者へ差戻し,DWHUser0061,2025/3/5,XXXX
SMPL-002251,3,再質問,通常User0924,2025/3/5,XXXX
SMPL-002251,4,発信者へ差戻し,DWHUser0061,2025/3/5,XXXX
SMPL-002251,5,再質問,通常User0751,2025/3/6,XXXX
SMPL-002251,6,発信者へ差戻し,DWHUser0061,2025/3/7,XXXX
SMPL-002251,7,発信者へ差戻し,通常User0973,2025/4/8,※回答カテゴリ：発信者に差戻し　かつ　更新日：1か月以上　のQAへ連絡。　継続の場合、期限内にコメントをお願いいたします。お世話になっております。その後の状況は如何でしょうか。2025年4月20日までにご連絡がない場合、本QAをクローズさせていただきます。以上、よろしくお願い致します。
SMPL-002251,8,完了回答,通常User0973,2025/4/24,お世話になっております。期限の2025年4月20日を過ぎましたが、ご連絡がありませんでしたので誠に勝手ながら本件はクローズさせていただきます。問題が解決していない場合には、お手数ですが新規QA登録をお願い致します。
SMPL-002255,0,新規登録,通常User0354,2025/3/6,XXXX
SMPL-002255,1,発信者へ差戻し,DWHUser0061,2025/3/6,XXXX
SMPL-002255,2,再質問,通常User0355,2025/3/11,XXXX
SMPL-002255,3,発信者へ差戻し,DWHUser0061,2025/3/11,XXXX
SMPL-002255,4,再質問,通常User0355,2025/3/25,XXXX
SMPL-002255,5,再質問,通常User0059,2025/3/26,XXXX
SMPL-002255,6,発信者へ差戻し,DWHUser0061,2025/3/28,XXXX
SMPL-002255,7,回答承認,通常User0059,2025/4/2,XXXX
SMPL-002257,0,新規登録,通常User0573,2025/3/6,XXXX
SMPL-002257,1,発信者へ差戻し,DWHUser0061,2025/3/7,XXXX
SMPL-002257,2,再質問,通常User0574,2025/3/7,XXXX
SMPL-002257,3,発信者へ差戻し,DWHUser0061,2025/3/7,XXXX
SMPL-002257,4,再質問,通常User0574,2025/3/7,XXXX
SMPL-002257,5,発信者へ差戻し,DWHUser0061,2025/3/7,XXXX
SMPL-002257,6,再質問,通常User0574,2025/3/7,XXXX
SMPL-002257,7,発信者へ差戻し,DWHUser0061,2025/3/11,XXXX
SMPL-002257,8,再質問,通常User0574,2025/3/11,XXXX
SMPL-002257,9,再質問,通常User0574,2025/3/11,XXXX
SMPL-002257,10,発信者へ差戻し,DWHUser0061,2025/3/11,XXXX
SMPL-002257,11,再質問,通常User0574,2025/3/11,XXXX
SMPL-002257,12,発信者へ差戻し,DWHUser0061,2025/3/11,XXXX
SMPL-002257,13,再質問,通常User0574,2025/3/11,XXXX
SMPL-002257,14,再質問,通常User0574,2025/3/11,XXXX
SMPL-002257,15,再質問,通常User0574,2025/3/11,XXXX
SMPL-002257,16,発信者へ差戻し,DWHUser0061,2025/3/11,XXXX
SMPL-002257,17,再質問,通常User0574,2025/3/12,XXXX
SMPL-002257,18,発信者へ差戻し,DWHUser0061,2025/3/12,XXXX
SMPL-002257,19,再質問,通常User0574,2025/3/17,XXXX
SMPL-002257,20,再質問,通常User0574,2025/3/17,XXXX
SMPL-002257,21,発信者へ差戻し,DWHUser0061,2025/3/17,XXXX
SMPL-002257,22,再質問,通常User0574,2025/3/17,XXXX
SMPL-002257,23,発信者へ差戻し,DWHUser0061,2025/3/17,XXXX
SMPL-002257,24,再質問,通常User0574,2025/3/17,XXXX
SMPL-002257,25,再質問,通常User0574,2025/3/19,XXXX
SMPL-002257,26,再質問,通常User0574,2025/3/24,XXXX
SMPL-002257,27,発信者へ差戻し,DWHUser0061,2025/3/24,XXXX
SMPL-002257,28,再質問,通常User0574,2025/3/26,XXXX
SMPL-002257,29,発信者へ差戻し,DWHUser0061,2025/4/3,XXXX
SMPL-002257,30,再質問,通常User0574,2025/4/4,XXXX
SMPL-002257,31,再質問,通常User0574,2025/4/17,XXXX
SMPL-002257,32,中間回答,DWHUser0061,2025/4/17,XXXX
SMPL-002257,33,発信者へ差戻し,DWHUser0061,2025/4/25,XXXX
SMPL-002268,0,新規登録,通常User0748,2025/3/12,XXXX
SMPL-002268,1,発信者へ差戻し,DWHUser0053,2025/3/12,XXXX
SMPL-002268,2,再質問,通常User0749,2025/3/12,XXXX
SMPL-002268,3,発信者へ差戻し,DWHUser0053,2025/3/12,XXXX
SMPL-002268,4,再質問,通常User0749,2025/3/12,XXXX
SMPL-002268,5,発信者へ差戻し,DWHUser0053,2025/3/12,XXXX
SMPL-002268,6,再質問,通常User0749,2025/3/12,XXXX
SMPL-002268,7,発信者へ差戻し,DWHUser0053,2025/3/13,XXXX
SMPL-002268,8,再質問,通常User0749,2025/3/13,XXXX
SMPL-002268,9,発信者へ差戻し,DWHUser0053,2025/3/13,XXXX
SMPL-002268,10,再質問,通常User0749,2025/3/13,XXXX
SMPL-002268,11,発信者へ差戻し,DWHUser0053,2025/3/14,XXXX
SMPL-002268,12,再質問,通常User0749,2025/3/14,XXXX
SMPL-002268,13,発信者へ差戻し,DWHUser0053,2025/3/17,XXXX
SMPL-002268,14,再質問,通常User0749,2025/3/18,XXXX
SMPL-002268,15,発信者へ差戻し,DWHUser0053,2025/3/24,XXXX
SMPL-002268,16,再質問,通常User0749,2025/3/25,XXXX
SMPL-002268,17,発信者へ差戻し,DWHUser0053,2025/3/27,XXXX
SMPL-002268,18,再質問,通常User0749,2025/3/28,XXXX
SMPL-002268,19,発信者へ差戻し,DWHUser0053,2025/4/2,XXXX
SMPL-002268,20,再質問,通常User0749,2025/4/2,XXXX
SMPL-002268,21,発信者へ差戻し,DWHUser0053,2025/4/2,XXXX
SMPL-002268,22,再質問,通常User0749,2025/4/2,XXXX
SMPL-002268,23,発信者へ差戻し,DWHUser0053,2025/4/8,XXXX
SMPL-002268,24,再質問,通常User0749,2025/4/9,XXXX
SMPL-002268,25,発信者へ差戻し,DWHUser0053,2025/4/10,XXXX
SMPL-002268,26,再質問,通常User0749,2025/4/10,XXXX
SMPL-002268,27,再質問,通常User0749,2025/4/11,XXXX
SMPL-002268,28,発信者へ差戻し,DWHUser0053,2025/4/14,XXXX
SMPL-002268,29,回答承認,通常User0749,2025/4/16,XXXX
SMPL-002271,0,新規登録,通常User0515,2025/3/13,XXXX
SMPL-002271,1,発信者へ差戻し,DWHUser0061,2025/3/14,XXXX
SMPL-002271,2,再質問,通常User0563,2025/3/14,XXXX
SMPL-002278,0,新規登録,通常User0296,2025/3/17,XXXX
SMPL-002278,1,着手報告回答,通常User0557,2025/3/18,XXXX
SMPL-002278,2,発信者へ差戻し,DWHUser0061,2025/3/21,XXXX
SMPL-002278,3,再質問,通常User0924,2025/3/25,XXXX
SMPL-002278,4,発信者へ差戻し,DWHUser0061,2025/4/4,XXXX
SMPL-002284,0,新規登録,通常User0510,2025/3/24,XXXX
SMPL-002284,1,再質問,通常User0511,2025/3/28,XXXX
SMPL-002284,2,発信者へ差戻し,DWHUser0061,2025/3/28,XXXX
SMPL-002284,3,回答承認,通常User0511,2025/3/28,XXXX
SMPL-002285,0,新規登録,通常User1083,2025/3/24,XXXX
SMPL-002285,1,発信者へ差戻し,DWHUser0061,2025/3/28,XXXX
SMPL-002285,2,再質問,通常User1084,2025/3/31,XXXX
SMPL-002285,3,再質問,通常User1084,2025/4/1,XXXX
SMPL-002285,4,発信者へ差戻し,DWHUser0061,2025/4/7,XXXX
SMPL-002285,5,再質問,通常User1084,2025/4/7,XXXX
SMPL-002285,6,発信者へ差戻し,DWHUser0061,2025/4/8,XXXX
SMPL-002285,7,回答承認,通常User1084,2025/4/10,XXXX
SMPL-002287,0,新規登録,通常User0904,2025/3/24,XXXX
SMPL-002287,1,再質問,通常User0931,2025/3/24,XXXX
SMPL-002287,2,再質問,通常User0931,2025/3/25,XXXX
SMPL-002287,3,再質問,通常User0931,2025/3/25,XXXX
SMPL-002287,4,発信者へ差戻し,DWHUser0061,2025/3/25,XXXX
SMPL-002287,5,再質問,通常User0931,2025/3/25,XXXX
SMPL-002287,6,発信者へ差戻し,DWHUser0061,2025/3/25,XXXX
SMPL-002287,7,再質問,通常User0931,2025/3/25,XXXX
SMPL-002287,8,発信者へ差戻し,DWHUser0061,2025/3/25,XXXX
SMPL-002287,9,再質問,通常User0931,2025/3/25,XXXX
SMPL-002287,10,発信者へ差戻し,DWHUser0061,2025/3/25,XXXX
SMPL-002287,11,再質問,通常User0931,2025/3/25,XXXX
SMPL-002287,12,再質問,通常User0931,2025/3/25,XXXX
SMPL-002287,13,発信者へ差戻し,DWHUser0061,2025/3/25,XXXX
SMPL-002287,14,再質問,通常User0931,2025/3/25,XXXX
SMPL-002287,15,発信者へ差戻し,DWHUser0061,2025/3/25,XXXX
SMPL-002287,16,再質問,通常User0931,2025/3/25,XXXX
SMPL-002287,17,再質問,通常User0931,2025/3/25,XXXX
SMPL-002287,18,発信者へ差戻し,DWHUser0061,2025/3/26,XXXX
SMPL-002287,19,再質問,通常User0931,2025/3/31,XXXX
SMPL-002287,20,発信者へ差戻し,DWHUser0061,2025/4/4,XXXX
SMPL-002287,21,再質問,通常User0931,2025/4/4,XXXX
SMPL-002287,22,発信者へ差戻し,DWHUser0061,2025/4/8,XXXX
SMPL-002287,23,再質問,通常User0931,2025/4/9,XXXX
SMPL-002287,24,発信者へ差戻し,DWHUser0061,2025/4/9,XXXX
SMPL-002287,25,回答承認,通常User0931,2025/4/15,XXXX
SMPL-002292,0,新規登録,通常User0573,2025/3/28,XXXX
SMPL-002292,1,発信者へ差戻し,DWHUser0053,2025/3/28,XXXX
SMPL-002292,2,回答承認,通常User0574,2025/3/28,XXXX
SMPL-002295,0,新規登録,通常User0510,2025/3/28,XXXX
SMPL-002295,1,発信者へ差戻し,DWHUser0061,2025/3/28,XXXX
SMPL-002295,2,回答承認,通常User0511,2025/3/28,XXXX
SMPL-002309,0,新規登録,通常User1023,2025/3/17,XXXX
SMPL-002309,1,再質問,通常User1082,2025/3/17,XXXX
SMPL-002309,2,着手報告回答,通常User0557,2025/3/17,XXXX
SMPL-002309,3,資料採取依頼,通常User0241,2025/3/17,XXXX
SMPL-002309,4,再質問,通常User1082,2025/3/17,XXXX
SMPL-002309,5,再質問,通常User1082,2025/3/17,XXXX
SMPL-002309,6,再質問,通常User1082,2025/3/19,XXXX
SMPL-002309,7,再質問,通常User1082,2025/3/26,XXXX
SMPL-002309,8,再質問,通常User0211,2025/4/1,XXXX
SMPL-002309,9,再質問,通常User0105,2025/4/1,XXXX
SMPL-002309,10,再質問,通常User1082,2025/4/2,XXXX
SMPL-002309,11,完了回答,通常User0542,2025/4/2,XXXX
SMPL-002309,12,再質問,通常User1082,2025/4/2,XXXX
SMPL-002309,13,再質問,通常User1082,2025/4/2,XXXX
SMPL-002309,14,再質問,通常User0211,2025/4/4,XXXX
SMPL-002309,15,中間回答,DWHUser0053,2025/4/7,XXXX
SMPL-002309,16,再質問,通常User0211,2025/4/7,XXXX
SMPL-002309,17,中間回答,通常User0542,2025/4/7,XXXX
SMPL-002309,18,再質問,通常User0211,2025/4/8,XXXX
SMPL-002309,19,発信者へ差戻し,通常User0830,2025/4/9,XXXX
SMPL-002309,20,再質問,通常User1082,2025/4/9,XXXX
SMPL-002309,21,発信者へ差戻し,通常User0830,2025/4/9,XXXX
SMPL-002309,22,再質問,通常User0211,2025/4/9,XXXX
SMPL-002309,23,発信者へ差戻し,通常User0830,2025/4/9,XXXX
SMPL-002309,24,再質問,通常User1082,2025/4/9,XXXX
SMPL-002309,25,再質問,通常User0211,2025/4/9,XXXX
SMPL-002309,26,発信者へ差戻し,DWHUser0061,2025/4/10,XXXX
SMPL-002309,27,再質問,通常User0211,2025/4/10,XXXX
SMPL-002309,28,再質問,通常User1082,2025/4/10,XXXX
SMPL-002309,29,発信者へ差戻し,DWHUser0061,2025/4/10,XXXX
SMPL-002309,30,再質問,通常User1082,2025/4/11,XXXX
SMPL-002309,31,発信者へ差戻し,DWHUser0061,2025/4/11,XXXX
SMPL-002309,32,再質問,通常User1082,2025/4/11,XXXX
SMPL-002309,33,再質問,通常User0211,2025/4/16,XXXX
